Abbeville County, South Carolina,24527
Acadia Parish, Louisiana,62045
Accomack County, Virginia,32316
Ada County, Idaho,481587
Adair County, Iowa,7152
Adair County, Kentucky,19202
Adair County, Missouri,25343
Adair County, Oklahoma,22194
Adams County, Colorado,517421
Adams County, Idaho,4294
Adams County, Illinois,65435
Adams County, Indiana,35777
Adams County, Iowa,3602
Adams County, Mississippi,30693
Adams County, Nebraska,31363
Adams County, North Dakota,2216
Adams County, Ohio,27698
Adams County, Pennsylvania,103009
Adams County, Washington,19983
Adams County, Wisconsin,20220
Addison County, Vermont,36777
Aiken County, South Carolina,170872
Aitkin County, Minnesota,15886
Alachua County, Florida,269043
Alamance County, North Carolina,169509
Alameda County, California,1,671329
Alamosa County, Colorado,16233
Albany County, New York,305506
Albany County, Wyoming,38880
Albemarle County, Virginia,109330
Alcona County, Michigan,10405
Alcorn County, Mississippi,36953
Aleutians East Borough, Alaska,3337
Aleutians West Census Area, Alaska,5634
Alexander County, Illinois,5761
Alexander County, North Carolina,37497
Alexandria city, Virginia,159428
Alfalfa County, Oklahoma,5702
Alger County, Michigan,9108
Allamakee County, Iowa,13687
Allegan County, Michigan,118081
Allegany County, Maryland,70416
Allegany County, New York,46091
Alleghany County, North Carolina,11137
Alleghany County, Virginia,14860
Allegheny County, Pennsylvania,1,216045
Allen County, Indiana,379299
Allen County, Kansas,12369
Allen County, Kentucky,21315
Allen County, Ohio,102351
Allendale County, South Carolina,8688
Allen Parish, Louisiana,25627
Alpena County, Michigan,28405
Alpine County, California,1129
Amador County, California,39752
Amelia County, Virginia,13145
Amherst County, Virginia,31605
Amite County, Mississippi,12297
Anchorage Municipality, Alaska,288000
Anderson County, Kansas,7858
Anderson County, Kentucky,22747
Anderson County, South Carolina,202558
Anderson County, Tennessee,76978
Anderson County, Texas,57735
Andrew County, Missouri,17712
Andrews County, Texas,18705
Androscoggin County, Maine,108277
Angelina County, Texas,86715
Anne Arundel County, Maryland,579234
Anoka County, Minnesota,356921
Anson County, North Carolina,24446
Antelope County, Nebraska,6298
Antrim County, Michigan,23324
Apache County, Arizona,71887
Appanoose County, Iowa,12426
Appling County, Georgia,18386
Appomattox County, Virginia,15911
Aransas County, Texas,23510
Arapahoe County, Colorado,656590
Archer County, Texas,8553
Archuleta County, Colorado,14029
Arenac County, Michigan,14883
Arkansas County, Arkansas,17486
Arlington County, Virginia,236842
Armstrong County, Pennsylvania,64735
Armstrong County, Texas,1887
Aroostook County, Maine,67055
Arthur County, Nebraska,463
Ascension Parish, Louisiana,126604
Ashe County, North Carolina,27203
Ashland County, Ohio,53484
Ashland County, Wisconsin,15562
Ashley County, Arkansas,19657
Ashtabula County, Ohio,97241
Asotin County, Washington,22582
Assumption Parish, Louisiana,21891
Atascosa County, Texas,51153
Atchison County, Kansas,16073
Atchison County, Missouri,5143
Athens County, Ohio,65327
Atkinson County, Georgia,8165
Atlantic County, New Jersey,263670
Atoka County, Oklahoma,13758
Attala County, Mississippi,18174
Audrain County, Missouri,25388
Audubon County, Iowa,5496
Auglaize County, Ohio,45656
Augusta County, Virginia,75558
Aurora County, South Dakota,2751
Austin County, Texas,30032
Autauga County, Alabama,55869
Avery County, North Carolina,17557
Avoyelles Parish, Louisiana,40144
Baca County, Colorado,3581
Bacon County, Georgia,11164
Bailey County, Texas,7000
Baker County, Florida,29210
Baker County, Georgia,3038
Baker County, Oregon,16124
Baldwin County, Alabama,223234
Baldwin County, Georgia,44890
Ballard County, Kentucky,7888
Baltimore city, Maryland,593490
Baltimore County, Maryland,827370
Bamberg County, South Carolina,14066
Bandera County, Texas,23112
Banks County, Georgia,19234
Banner County, Nebraska,745
Bannock County, Idaho,87808
Baraga County, Michigan,8209
Barber County, Kansas,4427
Barbour County, Alabama,24686
Barbour County, West Virginia,16441
Barnes County, North Dakota,10415
Barnstable County, Massachusetts,212990
Barnwell County, South Carolina,20866
Barren County, Kentucky,44249
Barron County, Wisconsin,45244
Barrow County, Georgia,83240
Barry County, Michigan,61550
Barry County, Missouri,35789
Bartholomew County, Indiana,83779
Barton County, Kansas,25779
Barton County, Missouri,11754
Bartow County, Georgia,107738
Bastrop County, Texas,88723
Bates County, Missouri,16172
Bath County, Kentucky,12500
Bath County, Virginia,4147
Baxter County, Arkansas,41932
Bay County, Florida,174705
Bay County, Michigan,103126
Bayfield County, Wisconsin,15036
Baylor County, Texas,3509
Beadle County, South Dakota,18453
Bear Lake County, Idaho,6125
Beaufort County, North Carolina,46994
Beaufort County, South Carolina,192122
Beauregard Parish, Louisiana,37497
Beaver County, Oklahoma,5311
Beaver County, Pennsylvania,163929
Beaver County, Utah,6710
Beaverhead County, Montana,9453
Becker County, Minnesota,34423
Beckham County, Oklahoma,21859
Bedford County, Pennsylvania,47888
Bedford County, Tennessee,49713
Bedford County, Virginia,78997
Bee County, Texas,32565
Belknap County, New Hampshire,61303
Bell County, Kentucky,26032
Bell County, Texas,362924
Belmont County, Ohio,67006
Beltrami County, Minnesota,47188
Benewah County, Idaho,9298
Ben Hill County, Georgia,16700
Bennett County, South Dakota,3365
Bennington County, Vermont,35470
Benson County, North Dakota,6832
Bent County, Colorado,5577
Benton County, Arkansas,279141
Benton County, Indiana,8748
Benton County, Iowa,25645
Benton County, Minnesota,40889
Benton County, Mississippi,8259
Benton County, Missouri,19443
Benton County, Oregon,93053
Benton County, Tennessee,16160
Benton County, Washington,204390
Benzie County, Michigan,17766
Bergen County, New Jersey,932202
Berkeley County, South Carolina,227907
Berkeley County, West Virginia,119171
Berks County, Pennsylvania,421164
Berkshire County, Massachusetts,124944
Bernalillo County, New Mexico,679121
Berrien County, Georgia,19397
Berrien County, Michigan,153401
Bertie County, North Carolina,18947
Bethel Census Area, Alaska,18386
Bexar County, Texas,2,003554
Bibb County, Alabama,22394
Bibb County, Georgia,153159
Bienville Parish, Louisiana,13241
Big Horn County, Montana,13319
Big Horn County, Wyoming,11790
Big Stone County, Minnesota,4991
Billings County, North Dakota,928
Bingham County, Idaho,46811
Blackford County, Indiana,11758
Black Hawk County, Iowa,131228
Bladen County, North Carolina,32722
Blaine County, Idaho,23021
Blaine County, Montana,6681
Blaine County, Nebraska,465
Blaine County, Oklahoma,9429
Blair County, Pennsylvania,121829
Blanco County, Texas,11931
Bland County, Virginia,6280
Bleckley County, Georgia,12873
Bledsoe County, Tennessee,15064
Blount County, Alabama,57826
Blount County, Tennessee,133088
Blue Earth County, Minnesota,67653
Boise County, Idaho,7831
Bolivar County, Mississippi,30628
Bollinger County, Missouri,12133
Bond County, Illinois,16426
Bon Homme County, South Dakota,6901
Bonner County, Idaho,45739
Bonneville County, Idaho,119062
Boone County, Arkansas,37432
Boone County, Illinois,53544
Boone County, Indiana,67843
Boone County, Iowa,26234
Boone County, Kentucky,133581
Boone County, Missouri,180463
Boone County, Nebraska,5192
Boone County, West Virginia,21457
Borden County, Texas,654
Bosque County, Texas,18685
Bossier Parish, Louisiana,127039
Botetourt County, Virginia,33419
Boulder County, Colorado,326196
Boundary County, Idaho,12245
Bourbon County, Kansas,14534
Bourbon County, Kentucky,19788
Bowie County, Texas,93245
Bowman County, North Dakota,3024
Box Butte County, Nebraska,10783
Box Elder County, Utah,56046
Boyd County, Kentucky,46718
Boyd County, Nebraska,1919
Boyle County, Kentucky,30060
Bracken County, Kentucky,8303
Bradford County, Florida,28201
Bradford County, Pennsylvania,60323
Bradley County, Arkansas,10763
Bradley County, Tennessee,108110
Branch County, Michigan,43517
Brantley County, Georgia,19109
Braxton County, West Virginia,13957
Brazoria County, Texas,374264
Brazos County, Texas,229211
Breathitt County, Kentucky,12630
Breckinridge County, Kentucky,20477
Bremer County, Iowa,25062
Brevard County, Florida,601942
Brewster County, Texas,9203
Briscoe County, Texas,1546
Bristol Bay Borough, Alaska,836
Bristol city, Virginia,16762
Bristol County, Massachusetts,565217
Bristol County, Rhode Island,48479
Broadwater County, Montana,6237
Bronx County, New York,1,418207
Brooke County, West Virginia,21939
Brookings County, South Dakota,35077
Brooks County, Georgia,15457
Brooks County, Texas,7093
Broome County, New York,190488
Broomfield County, Colorado,70465
Broward County, Florida,1,952778
Brown County, Illinois,6578
Brown County, Indiana,15092
Brown County, Kansas,9564
Brown County, Minnesota,25008
Brown County, Nebraska,2955
Brown County, Ohio,43432
Brown County, South Dakota,38839
Brown County, Texas,37864
Brown County, Wisconsin,264542
Brule County, South Dakota,5297
Brunswick County, North Carolina,142820
Brunswick County, Virginia,16231
Bryan County, Georgia,39627
Bryan County, Oklahoma,47995
Buchanan County, Iowa,21175
Buchanan County, Missouri,87364
Buchanan County, Virginia,21004
Buckingham County, Virginia,17148
Bucks County, Pennsylvania,628270
Buena Vista city, Virginia,6478
Buena Vista County, Iowa,19620
Buffalo County, Nebraska,49659
Buffalo County, South Dakota,1962
Buffalo County, Wisconsin,13031
Bullitt County, Kentucky,81676
Bulloch County, Georgia,79608
Bullock County, Alabama,10101
Buncombe County, North Carolina,261191
Bureau County, Illinois,32628
Burke County, Georgia,22383
Burke County, North Carolina,90485
Burke County, North Dakota,2115
Burleigh County, North Dakota,95626
Burleson County, Texas,18443
Burlington County, New Jersey,445349
Burnet County, Texas,48155
Burnett County, Wisconsin,15414
Burt County, Nebraska,6459
Butler County, Alabama,19448
Butler County, Iowa,14439
Butler County, Kansas,66911
Butler County, Kentucky,12879
Butler County, Missouri,42478
Butler County, Nebraska,8016
Butler County, Ohio,383134
Butler County, Pennsylvania,187853
Butte County, California,219186
Butte County, Idaho,2597
Butte County, South Dakota,10429
Butts County, Georgia,24936
Cabarrus County, North Carolina,216453
Cabell County, West Virginia,91945
Cache County, Utah,128289
Caddo County, Oklahoma,28762
Caddo Parish, Louisiana,240204
Calaveras County, California,45905
Calcasieu Parish, Louisiana,203436
Caldwell County, Kentucky,12747
Caldwell County, Missouri,9020
Caldwell County, North Carolina,82178
Caldwell County, Texas,43664
Caldwell Parish, Louisiana,9918
Caledonia County, Vermont,29993
Calhoun County, Alabama,113605
Calhoun County, Arkansas,5189
Calhoun County, Florida,14105
Calhoun County, Georgia,6189
Calhoun County, Illinois,4739
Calhoun County, Iowa,9668
Calhoun County, Michigan,134159
Calhoun County, Mississippi,14361
Calhoun County, South Carolina,14553
Calhoun County, Texas,21290
Calhoun County, West Virginia,7109
Callahan County, Texas,13943
Callaway County, Missouri,44743
Calloway County, Kentucky,39001
Calumet County, Wisconsin,50089
Calvert County, Maryland,92525
Camas County, Idaho,1106
Cambria County, Pennsylvania,130192
Camden County, Georgia,54666
Camden County, Missouri,46305
Camden County, New Jersey,506471
Camden County, North Carolina,10867
Cameron County, Pennsylvania,4447
Cameron County, Texas,423163
Cameron Parish, Louisiana,6973
Campbell County, Kentucky,93584
Campbell County, South Dakota,1376
Campbell County, Tennessee,39842
Campbell County, Virginia,54885
Campbell County, Wyoming,46341
Camp County, Texas,13094
Canadian County, Oklahoma,148306
Candler County, Georgia,10803
Cannon County, Tennessee,14678
Canyon County, Idaho,229849
Cape Girardeau County, Missouri,78871
Cape May County, New Jersey,92039
Carbon County, Montana,10725
Carbon County, Pennsylvania,64182
Carbon County, Utah,20463
Carbon County, Wyoming,14800
Caribou County, Idaho,7155
Carlisle County, Kentucky,4760
Carlton County, Minnesota,35871
Caroline County, Maryland,33406
Caroline County, Virginia,30725
Carroll County, Arkansas,28380
Carroll County, Georgia,119992
Carroll County, Illinois,14305
Carroll County, Indiana,20257
Carroll County, Iowa,20165
Carroll County, Kentucky,10631
Carroll County, Maryland,168447
Carroll County, Mississippi,9947
Carroll County, Missouri,8679
Carroll County, New Hampshire,48910
Carroll County, Ohio,26914
Carroll County, Tennessee,27767
Carroll County, Virginia,29791
Carson City, Nevada,55916
Carson County, Texas,5926
Carter County, Kentucky,26797
Carter County, Missouri,5982
Carter County, Montana,1252
Carter County, Oklahoma,48111
Carter County, Tennessee,56391
Carteret County, North Carolina,69473
Carver County, Minnesota,105089
Cascade County, Montana,81366
Casey County, Kentucky,16159
Cass County, Illinois,12147
Cass County, Indiana,37689
Cass County, Iowa,12836
Cass County, Michigan,51787
Cass County, Minnesota,29779
Cass County, Missouri,105780
Cass County, Nebraska,26248
Cass County, North Dakota,181923
Cass County, Texas,30026
Cassia County, Idaho,24030
Castro County, Texas,7530
Caswell County, North Carolina,22604
Catahoula Parish, Louisiana,9494
Catawba County, North Carolina,159551
Catoosa County, Georgia,67580
Catron County, New Mexico,3527
Cattaraugus County, New York,76117
Cavalier County, North Dakota,3762
Cayuga County, New York,76576
Cecil County, Maryland,102855
Cedar County, Iowa,18627
Cedar County, Missouri,14349
Cedar County, Nebraska,8402
Centre County, Pennsylvania,162385
Cerro Gordo County, Iowa,42450
Chaffee County, Colorado,20356
Chambers County, Alabama,33254
Chambers County, Texas,43837
Champaign County, Illinois,209689
Champaign County, Ohio,38885
Chariton County, Missouri,7426
Charles City County, Virginia,6963
Charles County, Maryland,163257
Charles Mix County, South Dakota,9292
Charleston County, South Carolina,411406
Charlevoix County, Michigan,26143
Charlotte County, Florida,188910
Charlotte County, Virginia,11880
Charlottesville city, Virginia,47266
Charlton County, Georgia,13392
Chase County, Kansas,2648
Chase County, Nebraska,3924
Chatham County, Georgia,289430
Chatham County, North Carolina,74470
Chattahoochee County, Georgia,10907
Chattooga County, Georgia,24789
Chautauqua County, Kansas,3250
Chautauqua County, New York,126903
Chaves County, New Mexico,64615
Cheatham County, Tennessee,40667
Cheboygan County, Michigan,25276
Chelan County, Washington,77200
Chemung County, New York,83456
Chenango County, New York,47207
Cherokee County, Alabama,26196
Cherokee County, Georgia,258773
Cherokee County, Iowa,11235
Cherokee County, Kansas,19939
Cherokee County, North Carolina,28612
Cherokee County, Oklahoma,48657
Cherokee County, South Carolina,57300
Cherokee County, Texas,52646
Cherry County, Nebraska,5689
Chesapeake city, Virginia,244835
Cheshire County, New Hampshire,76085
Chester County, Pennsylvania,524989
Chester County, South Carolina,32244
Chester County, Tennessee,17297
Chesterfield County, South Carolina,45650
Chesterfield County, Virginia,352802
Cheyenne County, Colorado,1831
Cheyenne County, Kansas,2657
Cheyenne County, Nebraska,8910
Chickasaw County, Iowa,11933
Chickasaw County, Mississippi,17103
Chicot County, Arkansas,10118
Childress County, Texas,7306
Chilton County, Alabama,44428
Chippewa County, Michigan,37349
Chippewa County, Minnesota,11800
Chippewa County, Wisconsin,64658
Chisago County, Minnesota,56579
Chittenden County, Vermont,163774
Choctaw County, Alabama,12589
Choctaw County, Mississippi,8210
Choctaw County, Oklahoma,14672
Chouteau County, Montana,5635
Chowan County, North Carolina,13943
Christian County, Illinois,32304
Christian County, Kentucky,70461
Christian County, Missouri,88595
Churchill County, Nevada,24909
Cibola County, New Mexico,26675
Cimarron County, Oklahoma,2137
Citrus County, Florida,149657
Clackamas County, Oregon,418187
Claiborne County, Mississippi,8988
Claiborne County, Tennessee,31959
Claiborne Parish, Louisiana,15670
Clallam County, Washington,77331
Clare County, Michigan,30950
Clarendon County, South Carolina,33745
Clarion County, Pennsylvania,38438
Clark County, Arkansas,22320
Clark County, Idaho,845
Clark County, Illinois,15441
Clark County, Indiana,118302
Clark County, Kansas,1994
Clark County, Kentucky,36263
Clark County, Missouri,6797
Clark County, Nevada,2,266715
Clark County, Ohio,134083
Clark County, South Dakota,3736
Clark County, Washington,488241
Clark County, Wisconsin,34774
Clarke County, Alabama,23622
Clarke County, Georgia,128331
Clarke County, Iowa,9395
Clarke County, Mississippi,15541
Clarke County, Virginia,14619
Clatsop County, Oregon,40224
Clay County, Alabama,13235
Clay County, Arkansas,14551
Clay County, Florida,219252
Clay County, Georgia,2834
Clay County, Illinois,13184
Clay County, Indiana,26225
Clay County, Iowa,16016
Clay County, Kansas,8002
Clay County, Kentucky,19901
Clay County, Minnesota,64222
Clay County, Mississippi,19316
Clay County, Missouri,249948
Clay County, Nebraska,6203
Clay County, North Carolina,11231
Clay County, South Dakota,14070
Clay County, Tennessee,7615
Clay County, Texas,10471
Clay County, West Virginia,8508
Clayton County, Georgia,292256
Clayton County, Iowa,17549
Clear Creek County, Colorado,9700
Clearfield County, Pennsylvania,79255
Clearwater County, Idaho,8756
Clearwater County, Minnesota,8818
Cleburne County, Alabama,14910
Cleburne County, Arkansas,24919
Clermont County, Ohio,206428
Cleveland County, Arkansas,7956
Cleveland County, North Carolina,97947
Cleveland County, Oklahoma,284014
Clinch County, Georgia,6618
Clinton County, Illinois,37562
Clinton County, Indiana,32399
Clinton County, Iowa,46429
Clinton County, Kentucky,10218
Clinton County, Michigan,79595
Clinton County, Missouri,20387
Clinton County, New York,80485
Clinton County, Ohio,41968
Clinton County, Pennsylvania,38632
Cloud County, Kansas,8786
Coahoma County, Mississippi,22124
Coal County, Oklahoma,5495
Cobb County, Georgia,760141
Cochise County, Arizona,125922
Cochran County, Texas,2853
Cocke County, Tennessee,36004
Coconino County, Arizona,143476
Codington County, South Dakota,28009
Coffee County, Alabama,52342
Coffee County, Georgia,43273
Coffee County, Tennessee,56520
Coffey County, Kansas,8179
Coke County, Texas,3387
Colbert County, Alabama,55241
Cole County, Missouri,76745
Coleman County, Texas,8175
Coles County, Illinois,50621
Colfax County, Nebraska,10709
Colfax County, New Mexico,11941
Colleton County, South Carolina,37677
Collier County, Florida,384902
Collin County, Texas,1,034730
Collingsworth County, Texas,2920
Colonial Heights city, Virginia,17370
Colorado County, Texas,21493
Colquitt County, Georgia,45600
Columbia County, Arkansas,23457
Columbia County, Florida,71686
Columbia County, Georgia,156714
Columbia County, New York,59461
Columbia County, Oregon,52354
Columbia County, Pennsylvania,64964
Columbia County, Washington,3985
Columbia County, Wisconsin,57532
Columbiana County, Ohio,101883
Columbus County, North Carolina,55508
Colusa County, California,21547
Comal County, Texas,156209
Comanche County, Kansas,1700
Comanche County, Oklahoma,120749
Comanche County, Texas,13635
Concho County, Texas,2726
Concordia Parish, Louisiana,19259
Conecuh County, Alabama,12067
Conejos County, Colorado,8205
Contra Costa County, California,1,153526
Converse County, Wyoming,13822
Conway County, Arkansas,20846
Cook County, Georgia,17270
Cook County, Illinois,5,150233
Cook County, Minnesota,5463
Cooke County, Texas,41257
Cooper County, Missouri,17709
Coosa County, Alabama,10663
Coos County, New Hampshire,31563
Coos County, Oregon,64487
Copiah County, Mississippi,28065
Corson County, South Dakota,4086
Cortland County, New York,47581
Coryell County, Texas,75951
Coshocton County, Ohio,36600
Costilla County, Colorado,3887
Cottle County, Texas,1398
Cotton County, Oklahoma,5666
Cottonwood County, Minnesota,11196
Covington city, Virginia,5538
Covington County, Alabama,37049
Covington County, Mississippi,18636
Coweta County, Georgia,148509
Cowley County, Kansas,34908
Cowlitz County, Washington,110593
Craig County, Oklahoma,14142
Craig County, Virginia,5131
Craighead County, Arkansas,110332
Crane County, Texas,4797
Craven County, North Carolina,102139
Crawford County, Arkansas,63257
Crawford County, Georgia,12404
Crawford County, Illinois,18667
Crawford County, Indiana,10577
Crawford County, Iowa,16820
Crawford County, Kansas,38818
Crawford County, Michigan,14029
Crawford County, Missouri,23920
Crawford County, Ohio,41494
Crawford County, Pennsylvania,84629
Crawford County, Wisconsin,16131
Creek County, Oklahoma,71522
Crenshaw County, Alabama,13772
Crisp County, Georgia,22372
Crittenden County, Arkansas,47955
Crittenden County, Kentucky,8806
Crockett County, Tennessee,14230
Crockett County, Texas,3464
Crook County, Oregon,24404
Crook County, Wyoming,7584
Crosby County, Texas,5737
Cross County, Arkansas,16419
Crowley County, Colorado,6061
Crow Wing County, Minnesota,65055
Culberson County, Texas,2171
Cullman County, Alabama,83768
Culpeper County, Virginia,52605
Cumberland County, Illinois,10766
Cumberland County, Kentucky,6614
Cumberland County, Maine,295003
Cumberland County, New Jersey,149527
Cumberland County, North Carolina,335509
Cumberland County, Pennsylvania,253370
Cumberland County, Tennessee,60520
Cumberland County, Virginia,9932
Cuming County, Nebraska,8846
Currituck County, North Carolina,27763
Curry County, New Mexico,48954
Curry County, Oregon,22925
Custer County, Colorado,5068
Custer County, Idaho,4315
Custer County, Montana,11402
Custer County, Nebraska,10777
Custer County, Oklahoma,29003
Custer County, South Dakota,8972
Cuyahoga County, Ohio,1,235072
Dade County, Georgia,16116
Dade County, Missouri,7561
Daggett County, Utah,950
Dakota County, Minnesota,429021
Dakota County, Nebraska,20026
Dale County, Alabama,49172
Dallam County, Texas,7287
Dallas County, Alabama,37196
Dallas County, Arkansas,7009
Dallas County, Iowa,93453
Dallas County, Missouri,16878
Dallas County, Texas,2,635516
Dane County, Wisconsin,546695
Daniels County, Montana,1690
Danville city, Virginia,40044
Dare County, North Carolina,37009
Darke County, Ohio,51113
Darlington County, South Carolina,66618
Dauphin County, Pennsylvania,278299
Davidson County, North Carolina,167609
Davidson County, Tennessee,694144
Davie County, North Carolina,42846
Daviess County, Indiana,33351
Daviess County, Kentucky,101511
Daviess County, Missouri,8278
Davis County, Iowa,9000
Davis County, Utah,355481
Davison County, South Dakota,19775
Dawes County, Nebraska,8589
Dawson County, Georgia,26108
Dawson County, Montana,8613
Dawson County, Nebraska,23595
Dawson County, Texas,12728
Day County, South Dakota,5424
Deaf Smith County, Texas,18546
Dearborn County, Indiana,49458
De Baca County, New Mexico,1748
Decatur County, Georgia,26404
Decatur County, Indiana,26559
Decatur County, Iowa,7870
Decatur County, Kansas,2827
Decatur County, Tennessee,11663
Deer Lodge County, Montana,9140
Defiance County, Ohio,38087
DeKalb County, Alabama,71513
DeKalb County, Georgia,759297
DeKalb County, Illinois,104897
DeKalb County, Indiana,43475
DeKalb County, Missouri,12547
DeKalb County, Tennessee,20490
Delaware County, Indiana,114135
Delaware County, Iowa,17011
Delaware County, New York,44135
Delaware County, Ohio,209177
Delaware County, Oklahoma,43009
Delaware County, Pennsylvania,566747
Del Norte County, California,27812
Delta County, Colorado,31162
Delta County, Michigan,35784
Delta County, Texas,5331
Denali Borough, Alaska,2097
Dent County, Missouri,15573
Denton County, Texas,887207
Denver County, Colorado,727211
Deschutes County, Oregon,197692
Desha County, Arkansas,11361
Des Moines County, Iowa,38967
DeSoto County, Florida,38001
DeSoto County, Mississippi,184945
De Soto Parish, Louisiana,27463
Deuel County, Nebraska,1794
Deuel County, South Dakota,4351
Dewey County, Oklahoma,4891
Dewey County, South Dakota,5892
De Witt County, Illinois,15638
DeWitt County, Texas,20160
Dickens County, Texas,2211
Dickenson County, Virginia,14318
Dickey County, North Dakota,4872
Dickinson County, Iowa,17258
Dickinson County, Kansas,18466
Dickinson County, Michigan,25239
Dickson County, Tennessee,53948
Dillingham Census Area, Alaska,4916
Dillon County, South Carolina,30479
Dimmit County, Texas,10124
Dinwiddie County, Virginia,28544
District of Columbia, District of Columbia,705749
Divide County, North Dakota,2264
Dixie County, Florida,16826
Dixon County, Nebraska,5636
Doddridge County, West Virginia,8448
Dodge County, Georgia,20605
Dodge County, Minnesota,20934
Dodge County, Nebraska,36565
Dodge County, Wisconsin,87839
Dolores County, Colorado,2055
Do√±a Ana County, New Mexico,218195
Doniphan County, Kansas,7600
Donley County, Texas,3278
Dooly County, Georgia,13390
Door County, Wisconsin,27668
Dorchester County, Maryland,31929
Dorchester County, South Carolina,162809
Dougherty County, Georgia,87956
Douglas County, Colorado,351154
Douglas County, Georgia,146343
Douglas County, Illinois,19465
Douglas County, Kansas,122259
Douglas County, Minnesota,38141
Douglas County, Missouri,13185
Douglas County, Nebraska,571327
Douglas County, Nevada,48905
Douglas County, Oregon,110980
Douglas County, South Dakota,2921
Douglas County, Washington,43429
Douglas County, Wisconsin,43150
Drew County, Arkansas,18219
Dubois County, Indiana,42736
Dubuque County, Iowa,97311
Duchesne County, Utah,19938
Dukes County, Massachusetts,17332
Dundy County, Nebraska,1693
Dunklin County, Missouri,29131
Dunn County, North Dakota,4424
Dunn County, Wisconsin,45368
DuPage County, Illinois,922921
Duplin County, North Carolina,58741
Durham County, North Carolina,321488
Dutchess County, New York,294218
Duval County, Florida,957755
Duval County, Texas,11157
Dyer County, Tennessee,37159
Eagle County, Colorado,55127
Early County, Georgia,10190
East Baton Rouge Parish, Louisiana,440059
East Carroll Parish, Louisiana,6861
East Feliciana Parish, Louisiana,19135
Eastland County, Texas,18360
Eaton County, Michigan,110268
Eau Claire County, Wisconsin,104646
Echols County, Georgia,4006
Ector County, Texas,166223
Eddy County, New Mexico,58460
Eddy County, North Dakota,2287
Edgar County, Illinois,17161
Edgecombe County, North Carolina,51472
Edgefield County, South Carolina,27260
Edmonson County, Kentucky,12150
Edmunds County, South Dakota,3829
Edwards County, Illinois,6395
Edwards County, Kansas,2798
Edwards County, Texas,1932
Effingham County, Georgia,64296
Effingham County, Illinois,34008
Elbert County, Colorado,26729
Elbert County, Georgia,19194
El Dorado County, California,192843
Elk County, Kansas,2530
Elk County, Pennsylvania,29910
Elkhart County, Indiana,206341
Elko County, Nevada,52778
Elliott County, Kentucky,7517
Ellis County, Kansas,28553
Ellis County, Oklahoma,3859
Ellis County, Texas,184826
Ellsworth County, Kansas,6102
Elmore County, Alabama,81209
Elmore County, Idaho,27511
El Paso County, Colorado,720403
El Paso County, Texas,839238
Emanuel County, Georgia,22646
Emery County, Utah,10012
Emmet County, Iowa,9208
Emmet County, Michigan,33415
Emmons County, North Dakota,3241
Emporia city, Virginia,5346
Erath County, Texas,42698
Erie County, New York,918702
Erie County, Ohio,74266
Erie County, Pennsylvania,269728
Escambia County, Alabama,36633
Escambia County, Florida,318316
Esmeralda County, Nevada,873
Essex County, Massachusetts,789034
Essex County, New Jersey,798975
Essex County, New York,36885
Essex County, Vermont,6163
Essex County, Virginia,10953
Estill County, Kentucky,14106
Etowah County, Alabama,102268
Eureka County, Nevada,2029
Evangeline Parish, Louisiana,33395
Evans County, Georgia,10654
Fairbanks North Star Borough, Alaska,96849
Fairfax city, Virginia,24019
Fairfax County, Virginia,1,147532
Fairfield County, Connecticut,943332
Fairfield County, Ohio,157574
Fairfield County, South Carolina,22347
Fallon County, Montana,2846
Fall River County, South Dakota,6713
Falls Church city, Virginia,14617
Falls County, Texas,17297
Fannin County, Georgia,26188
Fannin County, Texas,35514
Faribault County, Minnesota,13653
Faulk County, South Dakota,2299
Faulkner County, Arkansas,126007
Fauquier County, Virginia,71222
Fayette County, Alabama,16302
Fayette County, Georgia,114421
Fayette County, Illinois,21336
Fayette County, Indiana,23102
Fayette County, Iowa,19650
Fayette County, Kentucky,323152
Fayette County, Ohio,28525
Fayette County, Pennsylvania,129274
Fayette County, Tennessee,41133
Fayette County, Texas,25346
Fayette County, West Virginia,42406
Fentress County, Tennessee,18523
Fergus County, Montana,11050
Ferry County, Washington,7627
Fillmore County, Minnesota,21067
Fillmore County, Nebraska,5462
Finney County, Kansas,36467
Fisher County, Texas,3830
Flagler County, Florida,115081
Flathead County, Montana,103806
Fleming County, Kentucky,14581
Florence County, South Carolina,138293
Florence County, Wisconsin,4295
Floyd County, Georgia,98498
Floyd County, Indiana,78522
Floyd County, Iowa,15642
Floyd County, Kentucky,35589
Floyd County, Texas,5712
Floyd County, Virginia,15749
Fluvanna County, Virginia,27270
Foard County, Texas,1155
Fond du Lac County, Wisconsin,103403
Ford County, Illinois,12961
Ford County, Kansas,33619
Forest County, Pennsylvania,7247
Forest County, Wisconsin,9004
Forrest County, Mississippi,74897
Forsyth County, Georgia,244252
Forsyth County, North Carolina,382295
Fort Bend County, Texas,811688
Foster County, North Dakota,3210
Fountain County, Indiana,16346
Franklin city, Virginia,7967
Franklin County, Alabama,31362
Franklin County, Arkansas,17715
Franklin County, Florida,12125
Franklin County, Georgia,23349
Franklin County, Idaho,13876
Franklin County, Illinois,38469
Franklin County, Indiana,22758
Franklin County, Iowa,10070
Franklin County, Kansas,25544
Franklin County, Kentucky,50991
Franklin County, Maine,30199
Franklin County, Massachusetts,70180
Franklin County, Mississippi,7713
Franklin County, Missouri,103967
Franklin County, Nebraska,2979
Franklin County, New York,50022
Franklin County, North Carolina,69685
Franklin County, Ohio,1,316756
Franklin County, Pennsylvania,155027
Franklin County, Tennessee,42208
Franklin County, Texas,10725
Franklin County, Vermont,49402
Franklin County, Virginia,56042
Franklin County, Washington,95222
Franklin Parish, Louisiana,20015
Frederick County, Maryland,259547
Frederick County, Virginia,89313
Fredericksburg city, Virginia,29036
Freeborn County, Minnesota,30281
Freestone County, Texas,19717
Fremont County, Colorado,47839
Fremont County, Idaho,13099
Fremont County, Iowa,6960
Fremont County, Wyoming,39261
Fresno County, California,999101
Frio County, Texas,20306
Frontier County, Nebraska,2627
Fulton County, Arkansas,12477
Fulton County, Georgia,1,063937
Fulton County, Illinois,34340
Fulton County, Indiana,19974
Fulton County, Kentucky,5969
Fulton County, New York,53383
Fulton County, Ohio,42126
Fulton County, Pennsylvania,14530
Furnas County, Nebraska,4676
Gadsden County, Florida,45660
Gage County, Nebraska,21513
Gaines County, Texas,21492
Galax city, Virginia,6347
Gallatin County, Illinois,4828
Gallatin County, Kentucky,8869
Gallatin County, Montana,114434
Gallia County, Ohio,29898
Galveston County, Texas,342139
Garden County, Nebraska,1837
Garfield County, Colorado,60061
Garfield County, Montana,1258
Garfield County, Nebraska,1969
Garfield County, Oklahoma,61056
Garfield County, Utah,5051
Garfield County, Washington,2225
Garland County, Arkansas,99386
Garrard County, Kentucky,17666
Garrett County, Maryland,29014
Garvin County, Oklahoma,27711
Garza County, Texas,6229
Gasconade County, Missouri,14706
Gaston County, North Carolina,224529
Gates County, North Carolina,11562
Geary County, Kansas,31670
Geauga County, Ohio,93649
Gem County, Idaho,18112
Genesee County, Michigan,405813
Genesee County, New York,57280
Geneva County, Alabama,26271
Gentry County, Missouri,6571
George County, Mississippi,24500
Georgetown County, South Carolina,62680
Gibson County, Indiana,33659
Gibson County, Tennessee,49133
Gila County, Arizona,54018
Gilchrist County, Florida,18582
Giles County, Tennessee,29464
Giles County, Virginia,16720
Gillespie County, Texas,26988
Gilliam County, Oregon,1912
Gilmer County, Georgia,31369
Gilmer County, West Virginia,7823
Gilpin County, Colorado,6243
Glacier County, Montana,13753
Glades County, Florida,13811
Gladwin County, Michigan,25449
Glascock County, Georgia,2971
Glasscock County, Texas,1409
Glenn County, California,28393
Gloucester County, New Jersey,291636
Gloucester County, Virginia,37348
Glynn County, Georgia,85292
Gogebic County, Michigan,13975
Golden Valley County, Montana,821
Golden Valley County, North Dakota,1761
Goliad County, Texas,7658
Gonzales County, Texas,20837
Goochland County, Virginia,23753
Goodhue County, Minnesota,46340
Gooding County, Idaho,15179
Gordon County, Georgia,57963
Goshen County, Wyoming,13211
Gosper County, Nebraska,1990
Gove County, Kansas,2636
Grady County, Georgia,24633
Grady County, Oklahoma,55834
Grafton County, New Hampshire,89886
Graham County, Arizona,38837
Graham County, Kansas,2482
Graham County, North Carolina,8441
Grainger County, Tennessee,23320
Grand County, Colorado,15734
Grand County, Utah,9754
Grand Forks County, North Dakota,69451
Grand Isle County, Vermont,7235
Grand Traverse County, Michigan,93088
Granite County, Montana,3379
Grant County, Arkansas,18265
Grant County, Indiana,65769
Grant County, Kansas,7150
Grant County, Kentucky,25069
Grant County, Minnesota,5972
Grant County, Nebraska,623
Grant County, New Mexico,26998
Grant County, North Dakota,2274
Grant County, Oklahoma,4333
Grant County, Oregon,7199
Grant County, South Dakota,7052
Grant County, Washington,97733
Grant County, West Virginia,11568
Grant County, Wisconsin,51439
Grant Parish, Louisiana,22389
Granville County, North Carolina,60443
Gratiot County, Michigan,40711
Graves County, Kentucky,37266
Gray County, Kansas,5988
Gray County, Texas,21886
Grays Harbor County, Washington,75061
Grayson County, Kentucky,26427
Grayson County, Texas,136212
Grayson County, Virginia,15550
Greeley County, Kansas,1232
Greeley County, Nebraska,2356
Greenbrier County, West Virginia,34662
Green County, Kentucky,10941
Green County, Wisconsin,36960
Greene County, Alabama,8111
Greene County, Arkansas,45325
Greene County, Georgia,18324
Greene County, Illinois,12969
Greene County, Indiana,31922
Greene County, Iowa,8888
Greene County, Mississippi,13586
Greene County, Missouri,293086
Greene County, New York,47188
Greene County, North Carolina,21069
Greene County, Ohio,168937
Greene County, Pennsylvania,36233
Greene County, Tennessee,69069
Greene County, Virginia,19819
Green Lake County, Wisconsin,18913
Greenlee County, Arizona,9498
Greensville County, Virginia,11336
Greenup County, Kentucky,35098
Greenville County, South Carolina,523542
Greenwood County, Kansas,5982
Greenwood County, South Carolina,70811
Greer County, Oklahoma,5712
Gregg County, Texas,123945
Gregory County, South Dakota,4185
Grenada County, Mississippi,20758
Griggs County, North Dakota,2231
Grimes County, Texas,28880
Grundy County, Illinois,51054
Grundy County, Iowa,12232
Grundy County, Missouri,9850
Grundy County, Tennessee,13427
Guadalupe County, New Mexico,4300
Guadalupe County, Texas,166847
Guernsey County, Ohio,38875
Guilford County, North Carolina,537174
Gulf County, Florida,13639
Gunnison County, Colorado,17462
Guthrie County, Iowa,10689
Gwinnett County, Georgia,936250
Haakon County, South Dakota,1899
Habersham County, Georgia,45328
Haines Borough, Alaska,2530
Hale County, Alabama,14651
Hale County, Texas,33406
Halifax County, North Carolina,50010
Halifax County, Virginia,33911
Hall County, Georgia,204441
Hall County, Nebraska,61353
Hall County, Texas,2964
Hamblen County, Tennessee,64934
Hamilton County, Florida,14428
Hamilton County, Illinois,8116
Hamilton County, Indiana,338011
Hamilton County, Iowa,14773
Hamilton County, Kansas,2539
Hamilton County, Nebraska,9324
Hamilton County, New York,4416
Hamilton County, Ohio,817473
Hamilton County, Tennessee,367804
Hamilton County, Texas,8461
Hamlin County, South Dakota,6164
Hampden County, Massachusetts,466372
Hampshire County, Massachusetts,160830
Hampshire County, West Virginia,23175
Hampton city, Virginia,134510
Hampton County, South Carolina,19222
Hancock County, Georgia,8457
Hancock County, Illinois,17708
Hancock County, Indiana,78168
Hancock County, Iowa,10630
Hancock County, Kentucky,8722
Hancock County, Maine,54987
Hancock County, Mississippi,47632
Hancock County, Ohio,75783
Hancock County, Tennessee,6620
Hancock County, West Virginia,28810
Hand County, South Dakota,3191
Hanover County, Virginia,107766
Hansford County, Texas,5399
Hanson County, South Dakota,3453
Haralson County, Georgia,29792
Hardee County, Florida,26937
Hardeman County, Tennessee,25050
Hardeman County, Texas,3933
Hardin County, Illinois,3821
Hardin County, Iowa,16846
Hardin County, Kentucky,110958
Hardin County, Ohio,31365
Hardin County, Tennessee,25652
Hardin County, Texas,57602
Harding County, New Mexico,625
Harding County, South Dakota,1298
Hardy County, West Virginia,13776
Harford County, Maryland,255441
Harlan County, Kentucky,26010
Harlan County, Nebraska,3380
Harmon County, Oklahoma,2653
Harnett County, North Carolina,135976
Harney County, Oregon,7393
Harper County, Kansas,5436
Harper County, Oklahoma,3688
Harris County, Georgia,35236
Harris County, Texas,4,713325
Harrisonburg city, Virginia,53016
Harrison County, Indiana,40515
Harrison County, Iowa,14049
Harrison County, Kentucky,18886
Harrison County, Mississippi,208080
Harrison County, Missouri,8352
Harrison County, Ohio,15040
Harrison County, Texas,66553
Harrison County, West Virginia,67256
Hart County, Georgia,26205
Hart County, Kentucky,19035
Hartford County, Connecticut,891720
Hartley County, Texas,5576
Harvey County, Kansas,34429
Haskell County, Kansas,3968
Haskell County, Oklahoma,12627
Haskell County, Texas,5658
Hawaii County, Hawaii,201513
Hawkins County, Tennessee,56786
Hayes County, Nebraska,922
Hays County, Texas,230191
Haywood County, North Carolina,62317
Haywood County, Tennessee,17304
Heard County, Georgia,11923
Hemphill County, Texas,3819
Hempstead County, Arkansas,21532
Henderson County, Illinois,6646
Henderson County, Kentucky,45210
Henderson County, North Carolina,117417
Henderson County, Tennessee,28117
Henderson County, Texas,82737
Hendricks County, Indiana,170311
Hendry County, Florida,42022
Hennepin County, Minnesota,1,265843
Henrico County, Virginia,330818
Henry County, Alabama,17205
Henry County, Georgia,234561
Henry County, Illinois,48913
Henry County, Indiana,47972
Henry County, Iowa,19954
Henry County, Kentucky,16126
Henry County, Missouri,21824
Henry County, Ohio,27006
Henry County, Tennessee,32345
Henry County, Virginia,50557
Herkimer County, New York,61319
Hernando County, Florida,193920
Hertford County, North Carolina,23677
Hettinger County, North Dakota,2499
Hickman County, Kentucky,4380
Hickman County, Tennessee,25178
Hickory County, Missouri,9544
Hidalgo County, New Mexico,4198
Hidalgo County, Texas,868707
Highland County, Ohio,43161
Highland County, Virginia,2190
Highlands County, Florida,106221
Hill County, Montana,16484
Hill County, Texas,36649
Hillsborough County, Florida,1,471968
Hillsborough County, New Hampshire,417025
Hillsdale County, Michigan,45605
Hinds County, Mississippi,231840
Hinsdale County, Colorado,820
Hitchcock County, Nebraska,2762
Hocking County, Ohio,28264
Hockley County, Texas,23021
Hodgeman County, Kansas,1794
Hoke County, North Carolina,55234
Holmes County, Florida,19617
Holmes County, Mississippi,17010
Holmes County, Ohio,43960
Holt County, Missouri,4403
Holt County, Nebraska,10067
Honolulu County, Hawaii,974563
Hood County, Texas,61643
Hood River County, Oregon,23382
Hooker County, Nebraska,682
Hoonah-Angoon Census Area, Alaska,2148
Hopewell city, Virginia,22529
Hopkins County, Kentucky,44686
Hopkins County, Texas,37084
Horry County, South Carolina,354081
Hot Spring County, Arkansas,33771
Hot Springs County, Wyoming,4413
Houghton County, Michigan,35684
Houston County, Alabama,105882
Houston County, Georgia,157863
Houston County, Minnesota,18600
Houston County, Tennessee,8201
Houston County, Texas,22968
Howard County, Arkansas,13202
Howard County, Indiana,82544
Howard County, Iowa,9158
Howard County, Maryland,325690
Howard County, Missouri,10001
Howard County, Nebraska,6445
Howard County, Texas,36664
Howell County, Missouri,40117
Hubbard County, Minnesota,21491
Hudson County, New Jersey,672391
Hudspeth County, Texas,4886
Huerfano County, Colorado,6897
Hughes County, Oklahoma,13279
Hughes County, South Dakota,17526
Humboldt County, California,135558
Humboldt County, Iowa,9558
Humboldt County, Nevada,16831
Humphreys County, Mississippi,8064
Humphreys County, Tennessee,18582
Hunt County, Texas,98594
Hunterdon County, New Jersey,124371
Huntingdon County, Pennsylvania,45144
Huntington County, Indiana,36520
Huron County, Michigan,30981
Huron County, Ohio,58266
Hutchinson County, South Dakota,7291
Hutchinson County, Texas,20938
Hyde County, North Carolina,4937
Hyde County, South Dakota,1301
Iberia Parish, Louisiana,69830
Iberville Parish, Louisiana,32511
Ida County, Iowa,6860
Idaho County, Idaho,16667
Imperial County, California,181215
Independence County, Arkansas,37825
Indiana County, Pennsylvania,84073
Indian River County, Florida,159923
Ingham County, Michigan,292406
Inyo County, California,18039
Ionia County, Michigan,64697
Iosco County, Michigan,25127
Iowa County, Iowa,16184
Iowa County, Wisconsin,23678
Iredell County, North Carolina,181806
Irion County, Texas,1536
Iron County, Michigan,11066
Iron County, Missouri,10125
Iron County, Utah,54839
Iron County, Wisconsin,5687
Iroquois County, Illinois,27114
Irwin County, Georgia,9416
Isabella County, Michigan,69872
Isanti County, Minnesota,40596
Island County, Washington,85141
Isle of Wight County, Virginia,37109
Issaquena County, Mississippi,1327
Itasca County, Minnesota,45130
Itawamba County, Mississippi,23390
Izard County, Arkansas,13629
Jack County, Texas,8935
Jackson County, Alabama,51626
Jackson County, Arkansas,16719
Jackson County, Colorado,1392
Jackson County, Florida,46414
Jackson County, Georgia,72977
Jackson County, Illinois,56750
Jackson County, Indiana,44231
Jackson County, Iowa,19439
Jackson County, Kansas,13171
Jackson County, Kentucky,13329
Jackson County, Michigan,158510
Jackson County, Minnesota,9846
Jackson County, Mississippi,143617
Jackson County, Missouri,703011
Jackson County, North Carolina,43938
Jackson County, Ohio,32413
Jackson County, Oklahoma,24530
Jackson County, Oregon,220944
Jackson County, South Dakota,3344
Jackson County, Tennessee,11786
Jackson County, Texas,14760
Jackson County, West Virginia,28576
Jackson County, Wisconsin,20643
Jackson Parish, Louisiana,15744
James City County, Virginia,76523
Jasper County, Georgia,14219
Jasper County, Illinois,9610
Jasper County, Indiana,33562
Jasper County, Iowa,37185
Jasper County, Mississippi,16383
Jasper County, Missouri,121328
Jasper County, South Carolina,30073
Jasper County, Texas,35529
Jay County, Indiana,20436
Jeff Davis County, Georgia,15115
Jeff Davis County, Texas,2274
Jefferson County, Alabama,658573
Jefferson County, Arkansas,66824
Jefferson County, Colorado,582881
Jefferson County, Florida,14246
Jefferson County, Georgia,15362
Jefferson County, Idaho,29871
Jefferson County, Illinois,37684
Jefferson County, Indiana,32308
Jefferson County, Iowa,18295
Jefferson County, Kansas,19043
Jefferson County, Kentucky,766757
Jefferson County, Mississippi,6990
Jefferson County, Missouri,225081
Jefferson County, Montana,12221
Jefferson County, Nebraska,7046
Jefferson County, New York,109834
Jefferson County, Ohio,65325
Jefferson County, Oklahoma,6002
Jefferson County, Oregon,24658
Jefferson County, Pennsylvania,43425
Jefferson County, Tennessee,54495
Jefferson County, Texas,251565
Jefferson County, Washington,32221
Jefferson County, West Virginia,57146
Jefferson County, Wisconsin,84769
Jefferson Davis County, Mississippi,11128
Jefferson Davis Parish, Louisiana,31368
Jefferson Parish, Louisiana,432493
Jenkins County, Georgia,8676
Jennings County, Indiana,27735
Jerauld County, South Dakota,2013
Jerome County, Idaho,24412
Jersey County, Illinois,21773
Jessamine County, Kentucky,54115
Jewell County, Kansas,2879
Jim Hogg County, Texas,5200
Jim Wells County, Texas,40482
Jo Daviess County, Illinois,21235
Johnson County, Arkansas,26578
Johnson County, Georgia,9643
Johnson County, Illinois,12417
Johnson County, Indiana,158167
Johnson County, Iowa,151140
Johnson County, Kansas,602401
Johnson County, Kentucky,22188
Johnson County, Missouri,54062
Johnson County, Nebraska,5071
Johnson County, Tennessee,17788
Johnson County, Texas,175817
Johnson County, Wyoming,8445
Johnston County, North Carolina,209339
Johnston County, Oklahoma,11085
Jones County, Georgia,28735
Jones County, Iowa,20681
Jones County, Mississippi,68098
Jones County, North Carolina,9419
Jones County, South Dakota,903
Jones County, Texas,20083
Josephine County, Oregon,87487
Juab County, Utah,12017
Judith Basin County, Montana,2007
Juneau City and Borough, Alaska,31974
Juneau County, Wisconsin,26687
Juniata County, Pennsylvania,24763
Kalamazoo County, Michigan,265066
Kalawao County, Hawaii,86
Kalkaska County, Michigan,18038
Kanabec County, Minnesota,16337
Kanawha County, West Virginia,178124
Kandiyohi County, Minnesota,43199
Kane County, Illinois,532403
Kane County, Utah,7886
Kankakee County, Illinois,109862
Karnes County, Texas,15601
Kauai County, Hawaii,72293
Kaufman County, Texas,136154
Kay County, Oklahoma,43538
Kearney County, Nebraska,6495
Kearny County, Kansas,3838
Keith County, Nebraska,8034
Kemper County, Mississippi,9742
Kenai Peninsula Borough, Alaska,58708
Kendall County, Illinois,128990
Kendall County, Texas,47431
Kenedy County, Texas,404
Kennebec County, Maine,122302
Kenosha County, Wisconsin,169561
Kent County, Delaware,180786
Kent County, Maryland,19422
Kent County, Michigan,656955
Kent County, Rhode Island,164292
Kent County, Texas,762
Kenton County, Kentucky,166998
Keokuk County, Iowa,10246
Kern County, California,900202
Kerr County, Texas,52600
Kershaw County, South Carolina,66551
Ketchikan Gateway Borough, Alaska,13901
Kewaunee County, Wisconsin,20434
Keweenaw County, Michigan,2116
Keya Paha County, Nebraska,806
Kidder County, North Dakota,2480
Kimball County, Nebraska,3632
Kimble County, Texas,4337
King and Queen County, Virginia,7025
King County, Texas,272
King County, Washington,2,252782
Kingfisher County, Oklahoma,15765
King George County, Virginia,26836
Kingman County, Kansas,7152
Kingsbury County, South Dakota,4939
Kings County, California,152940
Kings County, New York,2,559903
King William County, Virginia,17148
Kinney County, Texas,3667
Kiowa County, Colorado,1406
Kiowa County, Kansas,2475
Kiowa County, Oklahoma,8708
Kit Carson County, Colorado,7097
Kitsap County, Washington,271473
Kittitas County, Washington,47935
Kittson County, Minnesota,4298
Klamath County, Oregon,68238
Kleberg County, Texas,30680
Klickitat County, Washington,22425
Knott County, Kentucky,14806
Knox County, Illinois,49699
Knox County, Indiana,36594
Knox County, Kentucky,31145
Knox County, Maine,39772
Knox County, Missouri,3959
Knox County, Nebraska,8332
Knox County, Ohio,62322
Knox County, Tennessee,470313
Knox County, Texas,3664
Kodiak Island Borough, Alaska,12998
Koochiching County, Minnesota,12229
Kootenai County, Idaho,165697
Kosciusko County, Indiana,79456
Kossuth County, Iowa,14813
Kusilvak Census Area, Alaska,8314
Labette County, Kansas,19618
Lackawanna County, Pennsylvania,209674
Laclede County, Missouri,35723
Lac qui Parle County, Minnesota,6623
La Crosse County, Wisconsin,118016
Lafayette County, Arkansas,6624
Lafayette County, Florida,8422
Lafayette County, Mississippi,54019
Lafayette County, Missouri,32708
Lafayette County, Wisconsin,16665
Lafayette Parish, Louisiana,244390
Lafourche Parish, Louisiana,97614
LaGrange County, Indiana,39614
Lake and Peninsula Borough, Alaska,1592
Lake County, California,64386
Lake County, Colorado,8127
Lake County, Florida,367118
Lake County, Illinois,696535
Lake County, Indiana,485493
Lake County, Michigan,11853
Lake County, Minnesota,10641
Lake County, Montana,30458
Lake County, Ohio,230149
Lake County, Oregon,7869
Lake County, South Dakota,12797
Lake County, Tennessee,7016
Lake of the Woods County, Minnesota,3740
Lamar County, Alabama,13805
Lamar County, Georgia,19077
Lamar County, Mississippi,63343
Lamar County, Texas,49859
Lamb County, Texas,12893
Lamoille County, Vermont,25362
LaMoure County, North Dakota,4046
Lampasas County, Texas,21428
Lancaster County, Nebraska,319090
Lancaster County, Pennsylvania,545724
Lancaster County, South Carolina,98012
Lancaster County, Virginia,10603
Lander County, Nevada,5532
Lane County, Kansas,1535
Lane County, Oregon,382067
Langlade County, Wisconsin,19189
Lanier County, Georgia,10423
La Paz County, Arizona,21108
Lapeer County, Michigan,87607
La Plata County, Colorado,56221
LaPorte County, Indiana,109888
Laramie County, Wyoming,99500
Larimer County, Colorado,356899
Larue County, Kentucky,14398
LaSalle County, Illinois,108669
La Salle County, Texas,7520
LaSalle Parish, Louisiana,14892
Las Animas County, Colorado,14506
Lassen County, California,30573
Latah County, Idaho,40108
Latimer County, Oklahoma,10073
Lauderdale County, Alabama,92729
Lauderdale County, Mississippi,74125
Lauderdale County, Tennessee,25633
Laurel County, Kentucky,60813
Laurens County, Georgia,47546
Laurens County, South Carolina,67493
Lavaca County, Texas,20154
Lawrence County, Alabama,32924
Lawrence County, Arkansas,16406
Lawrence County, Illinois,15678
Lawrence County, Indiana,45370
Lawrence County, Kentucky,15317
Lawrence County, Mississippi,12586
Lawrence County, Missouri,38355
Lawrence County, Ohio,59463
Lawrence County, Pennsylvania,85512
Lawrence County, South Dakota,25844
Lawrence County, Tennessee,44142
Lea County, New Mexico,71070
Leake County, Mississippi,22786
Leavenworth County, Kansas,81758
Lebanon County, Pennsylvania,141793
Lee County, Alabama,164542
Lee County, Arkansas,8857
Lee County, Florida,770577
Lee County, Georgia,29992
Lee County, Illinois,34096
Lee County, Iowa,33657
Lee County, Kentucky,7403
Lee County, Mississippi,85436
Lee County, North Carolina,61779
Lee County, South Carolina,16828
Lee County, Texas,17239
Lee County, Virginia,23423
Leelanau County, Michigan,21761
Leflore County, Mississippi,28183
Le Flore County, Oklahoma,49853
Lehigh County, Pennsylvania,369318
Lemhi County, Idaho,8027
Lenawee County, Michigan,98451
Lenoir County, North Carolina,55949
Leon County, Florida,293582
Leon County, Texas,17404
Leslie County, Kentucky,9877
Le Sueur County, Minnesota,28887
Letcher County, Kentucky,21553
Levy County, Florida,41503
Lewis and Clark County, Montana,69432
Lewis County, Idaho,3838
Lewis County, Kentucky,13275
Lewis County, Missouri,9776
Lewis County, New York,26296
Lewis County, Tennessee,12268
Lewis County, Washington,80707
Lewis County, West Virginia,15907
Lexington city, Virginia,7446
Lexington County, South Carolina,298750
Liberty County, Florida,8354
Liberty County, Georgia,61435
Liberty County, Montana,2337
Liberty County, Texas,88219
Licking County, Ohio,176862
Limestone County, Alabama,98915
Limestone County, Texas,23437
Lincoln County, Arkansas,13024
Lincoln County, Colorado,5701
Lincoln County, Georgia,7921
Lincoln County, Idaho,5366
Lincoln County, Kansas,2962
Lincoln County, Kentucky,24549
Lincoln County, Maine,34634
Lincoln County, Minnesota,5639
Lincoln County, Mississippi,34153
Lincoln County, Missouri,59013
Lincoln County, Montana,19980
Lincoln County, Nebraska,34914
Lincoln County, Nevada,5183
Lincoln County, New Mexico,19572
Lincoln County, North Carolina,86111
Lincoln County, Oklahoma,34877
Lincoln County, Oregon,49962
Lincoln County, South Dakota,61128
Lincoln County, Tennessee,34366
Lincoln County, Washington,10939
Lincoln County, West Virginia,20409
Lincoln County, Wisconsin,27593
Lincoln County, Wyoming,19830
Lincoln Parish, Louisiana,46742
Linn County, Iowa,226706
Linn County, Kansas,9703
Linn County, Missouri,11920
Linn County, Oregon,129749
Lipscomb County, Texas,3233
Litchfield County, Connecticut,180333
Little River County, Arkansas,12259
Live Oak County, Texas,12207
Livingston County, Illinois,35648
Livingston County, Kentucky,9194
Livingston County, Michigan,191995
Livingston County, Missouri,15227
Livingston County, New York,62914
Livingston Parish, Louisiana,140789
Llano County, Texas,21795
Logan County, Arkansas,21466
Logan County, Colorado,22409
Logan County, Illinois,28618
Logan County, Kansas,2794
Logan County, Kentucky,27102
Logan County, Nebraska,748
Logan County, North Dakota,1850
Logan County, Ohio,45672
Logan County, Oklahoma,48011
Logan County, West Virginia,32019
Long County, Georgia,19559
Lonoke County, Arkansas,73309
Lorain County, Ohio,309833
Los Alamos County, New Mexico,19369
Los Angeles County, California,10,039107
Loudon County, Tennessee,54068
Loudoun County, Virginia,413538
Louisa County, Iowa,11035
Louisa County, Virginia,37591
Loup County, Nebraska,664
Love County, Oklahoma,10253
Loving County, Texas,169
Lowndes County, Alabama,9726
Lowndes County, Georgia,117406
Lowndes County, Mississippi,58595
Lubbock County, Texas,310569
Lucas County, Iowa,8600
Lucas County, Ohio,428348
Luce County, Michigan,6229
Lumpkin County, Georgia,33610
Luna County, New Mexico,23709
Lunenburg County, Virginia,12196
Luzerne County, Pennsylvania,317417
Lycoming County, Pennsylvania,113299
Lyman County, South Dakota,3781
Lynchburg city, Virginia,82168
Lynn County, Texas,5951
Lyon County, Iowa,11755
Lyon County, Kansas,33195
Lyon County, Kentucky,8210
Lyon County, Minnesota,25474
Lyon County, Nevada,57510
Mackinac County, Michigan,10799
Macomb County, Michigan,873972
Macon County, Alabama,18068
Macon County, Georgia,12947
Macon County, Illinois,104009
Macon County, Missouri,15117
Macon County, North Carolina,35858
Macon County, Tennessee,24602
Macoupin County, Illinois,44926
Madera County, California,157327
Madison County, Alabama,372909
Madison County, Arkansas,16576
Madison County, Florida,18493
Madison County, Georgia,29880
Madison County, Idaho,39907
Madison County, Illinois,262966
Madison County, Indiana,129569
Madison County, Iowa,16338
Madison County, Kentucky,92987
Madison County, Mississippi,106272
Madison County, Missouri,12088
Madison County, Montana,8600
Madison County, Nebraska,35099
Madison County, New York,70941
Madison County, North Carolina,21755
Madison County, Ohio,44731
Madison County, Tennessee,97984
Madison County, Texas,14284
Madison County, Virginia,13261
Madison Parish, Louisiana,10951
Magoffin County, Kentucky,12161
Mahaska County, Iowa,22095
Mahnomen County, Minnesota,5527
Mahoning County, Ohio,228683
Major County, Oklahoma,7629
Malheur County, Oregon,30571
Manassas city, Virginia,41085
Manassas Park city, Virginia,17478
Manatee County, Florida,403253
Manistee County, Michigan,24558
Manitowoc County, Wisconsin,78981
Marathon County, Wisconsin,135692
Marengo County, Alabama,18863
Maricopa County, Arizona,4,485414
Maries County, Missouri,8697
Marin County, California,258826
Marinette County, Wisconsin,40350
Marion County, Alabama,29709
Marion County, Arkansas,16694
Marion County, Florida,365579
Marion County, Georgia,8359
Marion County, Illinois,37205
Marion County, Indiana,964582
Marion County, Iowa,33253
Marion County, Kansas,11884
Marion County, Kentucky,19273
Marion County, Mississippi,24573
Marion County, Missouri,28530
Marion County, Ohio,65093
Marion County, Oregon,347818
Marion County, South Carolina,30657
Marion County, Tennessee,28907
Marion County, Texas,9854
Marion County, West Virginia,56072
Mariposa County, California,17203
Marlboro County, South Carolina,26118
Marquette County, Michigan,66699
Marquette County, Wisconsin,15574
Marshall County, Alabama,96774
Marshall County, Illinois,11438
Marshall County, Indiana,46258
Marshall County, Iowa,39369
Marshall County, Kansas,9707
Marshall County, Kentucky,31100
Marshall County, Minnesota,9336
Marshall County, Mississippi,35294
Marshall County, Oklahoma,16931
Marshall County, South Dakota,4935
Marshall County, Tennessee,34375
Marshall County, West Virginia,30531
Martin County, Florida,161000
Martin County, Indiana,10255
Martin County, Kentucky,11195
Martin County, Minnesota,19683
Martin County, North Carolina,22440
Martin County, Texas,5771
Martinsville city, Virginia,12554
Mason County, Illinois,13359
Mason County, Kentucky,17070
Mason County, Michigan,29144
Mason County, Texas,4274
Mason County, Washington,66768
Mason County, West Virginia,26516
Massac County, Illinois,13772
Matagorda County, Texas,36643
Matanuska-Susitna Borough, Alaska,108317
Mathews County, Virginia,8834
Maui County, Hawaii,167417
Maury County, Tennessee,96387
Maverick County, Texas,58722
Mayes County, Oklahoma,41100
McClain County, Oklahoma,40474
McCone County, Montana,1664
McCook County, South Dakota,5586
McCormick County, South Carolina,9463
McCracken County, Kentucky,65418
McCreary County, Kentucky,17231
McCulloch County, Texas,7984
McCurtain County, Oklahoma,32832
McDonald County, Missouri,22837
McDonough County, Illinois,29682
McDowell County, North Carolina,45756
McDowell County, West Virginia,17624
McDuffie County, Georgia,21312
McHenry County, Illinois,307774
McHenry County, North Dakota,5745
McIntosh County, Georgia,14378
McIntosh County, North Dakota,2497
McIntosh County, Oklahoma,19596
McKean County, Pennsylvania,40625
McKenzie County, North Dakota,15024
McKinley County, New Mexico,71367
McLean County, Illinois,171517
McLean County, Kentucky,9207
McLean County, North Dakota,9450
McLennan County, Texas,256623
McLeod County, Minnesota,35893
McMinn County, Tennessee,53794
McMullen County, Texas,743
McNairy County, Tennessee,25694
McPherson County, Kansas,28542
McPherson County, Nebraska,494
McPherson County, South Dakota,2379
Meade County, Kansas,4033
Meade County, Kentucky,28572
Meade County, South Dakota,28332
Meagher County, Montana,1862
Mecklenburg County, North Carolina,1,110356
Mecklenburg County, Virginia,30587
Mecosta County, Michigan,43453
Medina County, Ohio,179746
Medina County, Texas,51584
Meeker County, Minnesota,23222
Meigs County, Ohio,22907
Meigs County, Tennessee,12422
Mellette County, South Dakota,2061
Menard County, Illinois,12196
Menard County, Texas,2138
Mendocino County, California,86749
Menifee County, Kentucky,6489
Menominee County, Michigan,22780
Menominee County, Wisconsin,4556
Merced County, California,277680
Mercer County, Illinois,15437
Mercer County, Kentucky,21933
Mercer County, Missouri,3617
Mercer County, New Jersey,367430
Mercer County, North Dakota,8187
Mercer County, Ohio,41172
Mercer County, Pennsylvania,109424
Mercer County, West Virginia,58758
Meriwether County, Georgia,21167
Merrick County, Nebraska,7755
Merrimack County, New Hampshire,151391
Mesa County, Colorado,154210
Metcalfe County, Kentucky,10071
Miami County, Indiana,35516
Miami County, Kansas,34237
Miami County, Ohio,106987
Miami-Dade County, Florida,2,716940
Middlesex County, Connecticut,162436
Middlesex County, Massachusetts,1,611699
Middlesex County, New Jersey,825062
Middlesex County, Virginia,10582
Midland County, Michigan,83156
Midland County, Texas,176832
Mifflin County, Pennsylvania,46138
Milam County, Texas,24823
Millard County, Utah,13188
Mille Lacs County, Minnesota,26277
Miller County, Arkansas,43257
Miller County, Georgia,5718
Miller County, Missouri,25619
Mills County, Iowa,15109
Mills County, Texas,4873
Milwaukee County, Wisconsin,945726
Mineral County, Colorado,769
Mineral County, Montana,4397
Mineral County, Nevada,4505
Mineral County, West Virginia,26868
Miner County, South Dakota,2216
Mingo County, West Virginia,23424
Minidoka County, Idaho,21039
Minnehaha County, South Dakota,193134
Missaukee County, Michigan,15118
Mississippi County, Arkansas,40651
Mississippi County, Missouri,13180
Missoula County, Montana,119600
Mitchell County, Georgia,21863
Mitchell County, Iowa,10586
Mitchell County, Kansas,5979
Mitchell County, North Carolina,14964
Mitchell County, Texas,8545
Mobile County, Alabama,413210
Modoc County, California,8841
Moffat County, Colorado,13283
Mohave County, Arizona,212181
Moniteau County, Missouri,16132
Monmouth County, New Jersey,618795
Mono County, California,14444
Monona County, Iowa,8615
Monongalia County, West Virginia,105612
Monroe County, Alabama,20733
Monroe County, Arkansas,6701
Monroe County, Florida,74228
Monroe County, Georgia,27578
Monroe County, Illinois,34637
Monroe County, Indiana,148431
Monroe County, Iowa,7707
Monroe County, Kentucky,10650
Monroe County, Michigan,150500
Monroe County, Mississippi,35252
Monroe County, Missouri,8644
Monroe County, New York,741770
Monroe County, Ohio,13654
Monroe County, Pennsylvania,170271
Monroe County, Tennessee,46545
Monroe County, West Virginia,13275
Monroe County, Wisconsin,46253
Montague County, Texas,19818
Montcalm County, Michigan,63888
Monterey County, California,434061
Montezuma County, Colorado,26183
Montgomery County, Alabama,226486
Montgomery County, Arkansas,8986
Montgomery County, Georgia,9172
Montgomery County, Illinois,28414
Montgomery County, Indiana,38338
Montgomery County, Iowa,9917
Montgomery County, Kansas,31829
Montgomery County, Kentucky,28157
Montgomery County, Maryland,1,050688
Montgomery County, Mississippi,9775
Montgomery County, Missouri,11551
Montgomery County, New York,49221
Montgomery County, North Carolina,27173
Montgomery County, Ohio,531687
Montgomery County, Pennsylvania,830915
Montgomery County, Tennessee,208993
Montgomery County, Texas,607391
Montgomery County, Virginia,98535
Montmorency County, Michigan,9328
Montour County, Pennsylvania,18230
Montrose County, Colorado,42758
Moody County, South Dakota,6576
Moore County, North Carolina,100880
Moore County, Tennessee,6488
Moore County, Texas,20940
Mora County, New Mexico,4521
Morehouse Parish, Louisiana,24874
Morgan County, Alabama,119679
Morgan County, Colorado,29068
Morgan County, Georgia,19276
Morgan County, Illinois,33658
Morgan County, Indiana,70489
Morgan County, Kentucky,13309
Morgan County, Missouri,20627
Morgan County, Ohio,14508
Morgan County, Tennessee,21403
Morgan County, Utah,12124
Morgan County, West Virginia,17884
Morrill County, Nebraska,4642
Morris County, Kansas,5620
Morris County, New Jersey,491845
Morris County, Texas,12388
Morrison County, Minnesota,33386
Morrow County, Ohio,35328
Morrow County, Oregon,11603
Morton County, Kansas,2587
Morton County, North Dakota,31364
Motley County, Texas,1200
Moultrie County, Illinois,14501
Mountrail County, North Dakota,10545
Mower County, Minnesota,40062
Muhlenberg County, Kentucky,30622
Multnomah County, Oregon,812855
Murray County, Georgia,40096
Murray County, Minnesota,8194
Murray County, Oklahoma,14073
Muscatine County, Iowa,42664
Muscogee County, Georgia,195769
Muskegon County, Michigan,173566
Muskingum County, Ohio,86215
Muskogee County, Oklahoma,67997
Musselshell County, Montana,4633
Nacogdoches County, Texas,65204
Nance County, Nebraska,3519
Nantucket County, Massachusetts,11399
Napa County, California,137744
Nash County, North Carolina,94298
Nassau County, Florida,88625
Nassau County, New York,1,356924
Natchitoches Parish, Louisiana,38158
Natrona County, Wyoming,79858
Navajo County, Arizona,110924
Navarro County, Texas,50113
Nelson County, Kentucky,46233
Nelson County, North Dakota,2879
Nelson County, Virginia,14930
Nemaha County, Kansas,10231
Nemaha County, Nebraska,6972
Neosho County, Kansas,16007
Neshoba County, Mississippi,29118
Ness County, Kansas,2750
Nevada County, Arkansas,8252
Nevada County, California,99755
Newaygo County, Michigan,48980
Newberry County, South Carolina,38440
New Castle County, Delaware,558753
New Hanover County, North Carolina,234473
New Haven County, Connecticut,854757
New Kent County, Virginia,23091
New London County, Connecticut,265206
New Madrid County, Missouri,17076
Newport County, Rhode Island,82082
Newport News city, Virginia,179225
Newton County, Arkansas,7753
Newton County, Georgia,111744
Newton County, Indiana,13984
Newton County, Mississippi,21018
Newton County, Missouri,58236
Newton County, Texas,13595
New York County, New York,1,628706
Nez Perce County, Idaho,40408
Niagara County, New York,209281
Nicholas County, Kentucky,7269
Nicholas County, West Virginia,24496
Nicollet County, Minnesota,34274
Niobrara County, Wyoming,2356
Noble County, Indiana,47744
Noble County, Ohio,14424
Noble County, Oklahoma,11131
Nobles County, Minnesota,21629
Nodaway County, Missouri,22092
Nolan County, Texas,14714
Nome Census Area, Alaska,10004
Norfolk city, Virginia,242742
Norfolk County, Massachusetts,706775
Norman County, Minnesota,6375
Northampton County, North Carolina,19483
Northampton County, Pennsylvania,305285
Northampton County, Virginia,11710
North Slope Borough, Alaska,9832
Northumberland County, Pennsylvania,90843
Northumberland County, Virginia,12095
Northwest Arctic Borough, Alaska,7621
Norton city, Virginia,3981
Norton County, Kansas,5361
Nottoway County, Virginia,15232
Nowata County, Oklahoma,10076
Noxubee County, Mississippi,10417
Nuckolls County, Nebraska,4148
Nueces County, Texas,362294
Nye County, Nevada,46523
Oakland County, Michigan,1,257584
Obion County, Tennessee,30069
O'Brien County, Iowa,13753
Oceana County, Michigan,26467
Ocean County, New Jersey,607186
Ochiltree County, Texas,9836
Oconee County, Georgia,40280
Oconee County, South Carolina,79546
Oconto County, Wisconsin,37930
Ogemaw County, Michigan,20997
Oglala Lakota County, South Dakota,14177
Ogle County, Illinois,50643
Oglethorpe County, Georgia,15259
Ohio County, Indiana,5875
Ohio County, Kentucky,23994
Ohio County, West Virginia,41411
Okaloosa County, Florida,210738
Okanogan County, Washington,42243
Okeechobee County, Florida,42168
Okfuskee County, Oklahoma,11993
Oklahoma County, Oklahoma,797434
Okmulgee County, Oklahoma,38465
Oktibbeha County, Mississippi,49587
Oldham County, Kentucky,66799
Oldham County, Texas,2112
Oliver County, North Dakota,1959
Olmsted County, Minnesota,158293
Oneida County, Idaho,4531
Oneida County, New York,228671
Oneida County, Wisconsin,35595
Onondaga County, New York,460528
Onslow County, North Carolina,197938
Ontario County, New York,109777
Ontonagon County, Michigan,5720
Orangeburg County, South Carolina,86175
Orange County, California,3,175692
Orange County, Florida,1,393452
Orange County, Indiana,19646
Orange County, New York,384940
Orange County, North Carolina,148476
Orange County, Texas,83396
Orange County, Vermont,28892
Orange County, Virginia,37051
Oregon County, Missouri,10529
Orleans County, New York,40352
Orleans County, Vermont,27037
Orleans Parish, Louisiana,390144
Osage County, Kansas,15949
Osage County, Missouri,13615
Osage County, Oklahoma,46963
Osborne County, Kansas,3421
Osceola County, Florida,375751
Osceola County, Iowa,5958
Osceola County, Michigan,23460
Oscoda County, Michigan,8241
Oswego County, New York,117124
Otero County, Colorado,18278
Otero County, New Mexico,67490
Otoe County, Nebraska,16012
Otsego County, Michigan,24668
Otsego County, New York,59493
Ottawa County, Kansas,5704
Ottawa County, Michigan,291830
Ottawa County, Ohio,40525
Ottawa County, Oklahoma,31127
Otter Tail County, Minnesota,58746
ottineau County, North Dakota,6282
Ouachita County, Arkansas,23382
Ouachita Parish, Louisiana,153279
Ouray County, Colorado,4952
Outagamie County, Wisconsin,187885
Overton County, Tennessee,22241
Owen County, Indiana,20799
Owen County, Kentucky,10901
Owsley County, Kentucky,4415
Owyhee County, Idaho,11823
Oxford County, Maine,57975
Ozark County, Missouri,9174
Ozaukee County, Wisconsin,89221
Pacific County, Washington,22471
Page County, Iowa,15107
Page County, Virginia,23902
Palm Beach County, Florida,1,496770
Palo Alto County, Iowa,8886
Palo Pinto County, Texas,29189
Pamlico County, North Carolina,12726
Panola County, Mississippi,34192
Panola County, Texas,23194
Park County, Colorado,18845
Park County, Montana,16606
Park County, Wyoming,29194
Parke County, Indiana,16937
Parker County, Texas,142878
Parmer County, Texas,9605
Pasco County, Florida,553947
Pasquotank County, North Carolina,39824
Passaic County, New Jersey,501826
Patrick County, Virginia,17608
Paulding County, Georgia,168667
Paulding County, Ohio,18672
Pawnee County, Kansas,6414
Pawnee County, Nebraska,2613
Pawnee County, Oklahoma,16376
Payette County, Idaho,23951
Payne County, Oklahoma,81784
Peach County, Georgia,27546
Pearl River County, Mississippi,55535
Pecos County, Texas,15823
Pembina County, North Dakota,6801
Pemiscot County, Missouri,15805
Pender County, North Carolina,63060
Pendleton County, Kentucky,14590
Pendleton County, West Virginia,6969
Pend Oreille County, Washington,13724
Pennington County, Minnesota,14119
Pennington County, South Dakota,113775
Penobscot County, Maine,152148
Peoria County, Illinois,179179
Pepin County, Wisconsin,7287
Perkins County, Nebraska,2891
Perkins County, South Dakota,2865
Perquimans County, North Carolina,13463
Perry County, Alabama,8923
Perry County, Arkansas,10455
Perry County, Illinois,20916
Perry County, Indiana,19169
Perry County, Kentucky,25758
Perry County, Mississippi,11973
Perry County, Missouri,19136
Perry County, Ohio,36134
Perry County, Pennsylvania,46272
Perry County, Tennessee,8076
Pershing County, Nevada,6725
Person County, North Carolina,39490
Petersburg Borough, Alaska,3266
Petersburg city, Virginia,31346
Petroleum County, Montana,487
Pettis County, Missouri,42339
Phelps County, Missouri,44573
Phelps County, Nebraska,9034
Philadelphia County, Pennsylvania,1,584064
Phillips County, Arkansas,17782
Phillips County, Colorado,4265
Phillips County, Kansas,5234
Phillips County, Montana,3954
Piatt County, Illinois,16344
Pickaway County, Ohio,58457
Pickens County, Alabama,19930
Pickens County, Georgia,32591
Pickens County, South Carolina,126884
Pickett County, Tennessee,5048
Pierce County, Georgia,19465
Pierce County, Nebraska,7148
Pierce County, North Dakota,3975
Pierce County, Washington,904980
Pierce County, Wisconsin,42754
Pike County, Alabama,33114
Pike County, Arkansas,10718
Pike County, Georgia,18962
Pike County, Illinois,15561
Pike County, Indiana,12389
Pike County, Kentucky,57876
Pike County, Mississippi,39288
Pike County, Missouri,18302
Pike County, Ohio,27772
Pike County, Pennsylvania,55809
Pima County, Arizona,1,047279
Pinal County, Arizona,462789
Pine County, Minnesota,29579
Pinellas County, Florida,974996
Pipestone County, Minnesota,9126
Piscataquis County, Maine,16785
Pitkin County, Colorado,17767
Pitt County, North Carolina,180742
Pittsburg County, Oklahoma,43654
Pittsylvania County, Virginia,60354
Piute County, Utah,1479
Placer County, California,398329
Plaquemines Parish, Louisiana,23197
Platte County, Missouri,104418
Platte County, Nebraska,33470
Platte County, Wyoming,8393
Pleasants County, West Virginia,7460
Plumas County, California,18807
Plymouth County, Iowa,25177
Plymouth County, Massachusetts,521202
Pocahontas County, Iowa,6619
Pocahontas County, West Virginia,8247
Poinsett County, Arkansas,23528
Pointe Coupee Parish, Louisiana,21730
Polk County, Arkansas,19964
Polk County, Florida,724777
Polk County, Georgia,42613
Polk County, Iowa,490161
Polk County, Minnesota,31364
Polk County, Missouri,32149
Polk County, Nebraska,5213
Polk County, North Carolina,20724
Polk County, Oregon,86085
Polk County, Tennessee,16832
Polk County, Texas,51353
Polk County, Wisconsin,43783
Pondera County, Montana,5911
Pontotoc County, Mississippi,32174
Pontotoc County, Oklahoma,38284
Pope County, Arkansas,64072
Pope County, Illinois,4177
Pope County, Minnesota,11249
Poquoson city, Virginia,12271
Portage County, Ohio,162466
Portage County, Wisconsin,70772
Porter County, Indiana,170389
Portsmouth city, Virginia,94398
Posey County, Indiana,25427
Pottawatomie County, Kansas,24383
Pottawatomie County, Oklahoma,72592
Pottawattamie County, Iowa,93206
Potter County, Pennsylvania,16526
Potter County, South Dakota,2153
Potter County, Texas,117415
Powder River County, Montana,1682
Powell County, Kentucky,12359
Powell County, Montana,6890
Power County, Idaho,7681
Poweshiek County, Iowa,18504
Powhatan County, Virginia,29652
Prairie County, Arkansas,8062
Prairie County, Montana,1077
Pratt County, Kansas,9164
Preble County, Ohio,40882
Prentiss County, Mississippi,25126
Presidio County, Texas,6704
Presque Isle County, Michigan,12592
Preston County, West Virginia,33432
Price County, Wisconsin,13351
Prince Edward County, Virginia,22802
Prince George County, Virginia,38353
Prince George's County, Maryland,909327
Prince of Wales-Hyder Census Area, Alaska,6203
Prince William County, Virginia,470335
Providence County, Rhode Island,638931
Prowers County, Colorado,12172
Pueblo County, Colorado,168424
Pulaski County, Arkansas,391911
Pulaski County, Georgia,11137
Pulaski County, Illinois,5335
Pulaski County, Indiana,12353
Pulaski County, Kentucky,64979
Pulaski County, Missouri,52607
Pulaski County, Virginia,34027
Pushmataha County, Oklahoma,11096
Putnam County, Florida,74521
Putnam County, Georgia,22119
Putnam County, Illinois,5739
Putnam County, Indiana,37576
Putnam County, Missouri,4696
Putnam County, New York,98320
Putnam County, Ohio,33861
Putnam County, Tennessee,80245
Putnam County, West Virginia,56450
Quay County, New Mexico,8253
Queen Anne's County, Maryland,50381
Queens County, New York,2,253858
Quitman County, Georgia,2299
Quitman County, Mississippi,6792
Rabun County, Georgia,17137
Racine County, Wisconsin,196311
Radford city, Virginia,18249
Rains County, Texas,12514
Raleigh County, West Virginia,73361
Ralls County, Missouri,10309
Ramsey County, Minnesota,550321
Ramsey County, North Dakota,11519
Randall County, Texas,137713
Randolph County, Alabama,22722
Randolph County, Arkansas,17958
Randolph County, Georgia,6778
Randolph County, Illinois,31782
Randolph County, Indiana,24665
Randolph County, Missouri,24748
Randolph County, North Carolina,143667
Randolph County, West Virginia,28695
Rankin County, Mississippi,155271
Ransom County, North Dakota,5218
Rapides Parish, Louisiana,129648
Rappahannock County, Virginia,7370
Ravalli County, Montana,43806
Rawlins County, Kansas,2530
Ray County, Missouri,23018
Reagan County, Texas,3849
Real County, Texas,3452
Red Lake County, Minnesota,4055
Red River County, Texas,12023
Red River Parish, Louisiana,8442
Red Willow County, Nebraska,10724
Redwood County, Minnesota,15170
Reeves County, Texas,15976
Refugio County, Texas,6948
Reno County, Kansas,61998
Rensselaer County, New York,158714
Renville County, Minnesota,14548
Renville County, North Dakota,2327
Republic County, Kansas,4636
Reynolds County, Missouri,6270
Rhea County, Tennessee,33167
Rice County, Kansas,9537
Rice County, Minnesota,66972
Richardson County, Nebraska,7865
Rich County, Utah,2483
Richland County, Illinois,15513
Richland County, Montana,10803
Richland County, North Dakota,16177
Richland County, Ohio,121154
Richland County, South Carolina,415759
Richland County, Wisconsin,17252
Richland Parish, Louisiana,20122
Richmond city, Virginia,230436
Richmond County, Georgia,202518
Richmond County, New York,476143
Richmond County, North Carolina,44829
Richmond County, Virginia,9023
Riley County, Kansas,74232
Ringgold County, Iowa,4894
Rio Arriba County, New Mexico,38921
Rio Blanco County, Colorado,6324
Rio Grande County, Colorado,11267
Ripley County, Indiana,28324
Ripley County, Missouri,13288
Ritchie County, West Virginia,9554
Riverside County, California,2,470546
Roane County, Tennessee,53382
Roane County, West Virginia,13688
Roanoke city, Virginia,99143
Roanoke County, Virginia,94186
Roberts County, South Dakota,10394
Roberts County, Texas,854
Robertson County, Kentucky,2108
Robertson County, Tennessee,71813
Robertson County, Texas,17074
Robeson County, North Carolina,130625
Rockbridge County, Virginia,22573
Rockcastle County, Kentucky,16695
Rock County, Minnesota,9315
Rock County, Nebraska,1357
Rock County, Wisconsin,163354
Rockdale County, Georgia,90896
Rockingham County, New Hampshire,309769
Rockingham County, North Carolina,91010
Rockingham County, Virginia,81948
Rock Island County, Illinois,141879
Rockland County, New York,325789
Rockwall County, Texas,104915
Roger Mills County, Oklahoma,3583
Rogers County, Oklahoma,92459
Rolette County, North Dakota,14176
Rooks County, Kansas,4920
Roosevelt County, Montana,11004
Roosevelt County, New Mexico,18500
Roscommon County, Michigan,24019
Roseau County, Minnesota,15165
Rosebud County, Montana,8937
Ross County, Ohio,76666
Routt County, Colorado,25638
Rowan County, Kentucky,24460
Rowan County, North Carolina,142088
Runnels County, Texas,10264
Rush County, Indiana,16581
Rush County, Kansas,3036
Rusk County, Texas,54406
Rusk County, Wisconsin,14178
Russell County, Alabama,57961
Russell County, Kansas,6856
Russell County, Kentucky,17923
Russell County, Virginia,26586
Rutherford County, North Carolina,67029
Rutherford County, Tennessee,332285
Rutland County, Vermont,58191
Sabine County, Texas,10542
Sabine Parish, Louisiana,23884
Sac County, Iowa,9721
Sacramento County, California,1,552058
Sagadahoc County, Maine,35856
Saginaw County, Michigan,190539
Saguache County, Colorado,6824
Salem city, Virginia,25301
Salem County, New Jersey,62385
Saline County, Arkansas,122437
Saline County, Illinois,23491
Saline County, Kansas,54224
Saline County, Missouri,22761
Saline County, Nebraska,14224
Salt Lake County, Utah,1,160437
Saluda County, South Carolina,20473
Sampson County, North Carolina,63531
San Augustine County, Texas,8237
San Benito County, California,62808
San Bernardino County, California,2,180085
Sanborn County, South Dakota,2344
Sanders County, Montana,12113
San Diego County, California,3,338330
Sandoval County, New Mexico,146748
Sandusky County, Ohio,58518
San Francisco County, California,881549
Sangamon County, Illinois,194672
Sanilac County, Michigan,41170
San Jacinto County, Texas,28859
San Joaquin County, California,762148
San Juan County, Colorado,728
San Juan County, New Mexico,123958
San Juan County, Utah,15308
San Juan County, Washington,17582
San Luis Obispo County, California,283111
San Mateo County, California,766573
San Miguel County, Colorado,8179
San Miguel County, New Mexico,27277
San Patricio County, Texas,66730
Sanpete County, Utah,30939
San Saba County, Texas,6055
Santa Barbara County, California,446499
Santa Clara County, California,1,927852
Santa Cruz County, Arizona,46498
Santa Cruz County, California,273213
Santa Fe County, New Mexico,150358
Santa Rosa County, Florida,184313
Sarasota County, Florida,433742
Saratoga County, New York,229863
Sargent County, North Dakota,3898
Sarpy County, Nebraska,187196
Sauk County, Wisconsin,64442
Saunders County, Nebraska,21578
Sawyer County, Wisconsin,16558
Schenectady County, New York,155299
Schleicher County, Texas,2793
Schley County, Georgia,5257
Schoharie County, New York,30999
Schoolcraft County, Michigan,8094
Schuyler County, Illinois,6768
Schuyler County, Missouri,4660
Schuyler County, New York,17807
Schuylkill County, Pennsylvania,141359
Scioto County, Ohio,75314
Scotland County, Missouri,4902
Scotland County, North Carolina,34823
Scott County, Arkansas,10281
Scott County, Illinois,4951
Scott County, Indiana,23873
Scott County, Iowa,172943
Scott County, Kansas,4823
Scott County, Kentucky,57004
Scott County, Minnesota,149013
Scott County, Mississippi,28124
Scott County, Missouri,38280
Scott County, Tennessee,22068
Scott County, Virginia,21566
Scotts Bluff County, Nebraska,35618
Screven County, Georgia,13966
Scurry County, Texas,16703
Searcy County, Arkansas,7881
Sebastian County, Arkansas,127827
Sedgwick County, Colorado,2248
Sedgwick County, Kansas,516042
Seminole County, Florida,471826
Seminole County, Georgia,8090
Seminole County, Oklahoma,24258
Seneca County, New York,34016
Seneca County, Ohio,55178
Sequatchie County, Tennessee,15026
Sequoyah County, Oklahoma,41569
Sevier County, Arkansas,17007
Sevier County, Tennessee,98250
Sevier County, Utah,21620
Seward County, Kansas,21428
Seward County, Nebraska,17284
Shackelford County, Texas,3265
Shannon County, Missouri,8166
Sharkey County, Mississippi,4321
Sharp County, Arkansas,17442
Shasta County, California,180080
Shawano County, Wisconsin,40899
Shawnee County, Kansas,176875
Sheboygan County, Wisconsin,115340
Shelby County, Alabama,217702
Shelby County, Illinois,21634
Shelby County, Indiana,44729
Shelby County, Iowa,11454
Shelby County, Kentucky,49024
Shelby County, Missouri,5930
Shelby County, Ohio,48590
Shelby County, Tennessee,937166
Shelby County, Texas,25274
Shenandoah County, Virginia,43616
Sherburne County, Minnesota,97238
Sheridan County, Kansas,2521
Sheridan County, Montana,3309
Sheridan County, Nebraska,5246
Sheridan County, North Dakota,1315
Sheridan County, Wyoming,30485
Sherman County, Kansas,5917
Sherman County, Nebraska,3001
Sherman County, Oregon,1780
Sherman County, Texas,3022
Shiawassee County, Michigan,68122
Shoshone County, Idaho,12882
Sibley County, Minnesota,14865
Sierra County, California,3005
Sierra County, New Mexico,10791
Silver Bow County, Montana,34915
Simpson County, Kentucky,18572
Simpson County, Mississippi,26658
Sioux County, Iowa,34855
Sioux County, Nebraska,1166
Sioux County, North Dakota,4230
Siskiyou County, California,43539
Sitka City and Borough, Alaska,8493
Skagit County, Washington,129205
Skagway Municipality, Alaska,1183
Skamania County, Washington,12083
Slope County, North Dakota,750
Smith County, Kansas,3583
Smith County, Mississippi,15916
Smith County, Tennessee,20157
Smith County, Texas,232751
Smyth County, Virginia,30104
Snohomish County, Washington,822083
Snyder County, Pennsylvania,40372
Socorro County, New Mexico,16637
Solano County, California,447643
Somerset County, Maine,50484
Somerset County, Maryland,25616
Somerset County, New Jersey,328934
Somerset County, Pennsylvania,73447
Somervell County, Texas,9128
Sonoma County, California,494336
Southampton County, Virginia,17631
Southeast Fairbanks Census Area, Alaska,6893
Spalding County, Georgia,66703
Spartanburg County, South Carolina,319785
Spencer County, Indiana,20277
Spencer County, Kentucky,19351
Spink County, South Dakota,6376
Spokane County, Washington,522798
Spotsylvania County, Virginia,136215
Stafford County, Kansas,4156
Stafford County, Virginia,152882
Stanislaus County, California,550660
Stanley County, South Dakota,3098
Stanly County, North Carolina,62806
Stanton County, Kansas,2006
Stanton County, Nebraska,5920
Stark County, Illinois,5342
Stark County, North Dakota,31489
Stark County, Ohio,370606
Starke County, Indiana,22995
Starr County, Texas,64633
Staunton city, Virginia,24932
St. Bernard Parish, Louisiana,47244
St. Charles County, Missouri,402022
St. Charles Parish, Louisiana,53100
St. Clair County, Alabama,89512
St. Clair County, Illinois,259686
St. Clair County, Michigan,159128
St. Clair County, Missouri,9397
St. Croix County, Wisconsin,90687
Stearns County, Minnesota,161075
Steele County, Minnesota,36649
Steele County, North Dakota,1890
Ste. Genevieve County, Missouri,17894
Stephens County, Georgia,25925
Stephens County, Oklahoma,43143
Stephens County, Texas,9366
Stephenson County, Illinois,44498
Sterling County, Texas,1291
Steuben County, Indiana,34594
Steuben County, New York,95379
Stevens County, Kansas,5485
Stevens County, Minnesota,9805
Stevens County, Washington,45723
Stewart County, Georgia,6621
Stewart County, Tennessee,13715
St. Francis County, Arkansas,24994
St. Francois County, Missouri,67215
St. Helena Parish, Louisiana,10132
Stillwater County, Montana,9642
St. James Parish, Louisiana,21096
St. Johns County, Florida,264672
St. John the Baptist Parish, Louisiana,42837
St. Joseph County, Indiana,271826
St. Joseph County, Michigan,60964
St. Landry Parish, Louisiana,82124
St. Lawrence County, New York,107740
St. Louis city, Missouri,300576
St. Louis County, Minnesota,199070
St. Louis County, Missouri,994205
St. Lucie County, Florida,328297
St. Martin Parish, Louisiana,53431
St. Mary Parish, Louisiana,49348
St. Mary's County, Maryland,113510
Stoddard County, Missouri,29025
Stokes County, North Carolina,45591
Stone County, Arkansas,12506
Stone County, Mississippi,18336
Stone County, Missouri,31952
Stonewall County, Texas,1350
Storey County, Nevada,4123
Story County, Iowa,97117
Strafford County, New Hampshire,130633
St. Tammany Parish, Louisiana,260419
Stutsman County, North Dakota,20704
Sublette County, Wyoming,9831
Suffolk city, Virginia,92108
Suffolk County, Massachusetts,803907
Suffolk County, New York,1,476601
Sullivan County, Indiana,20669
Sullivan County, Missouri,6089
Sullivan County, New Hampshire,43146
Sullivan County, New York,75432
Sullivan County, Pennsylvania,6066
Sullivan County, Tennessee,158348
Sully County, South Dakota,1391
Summers County, West Virginia,12573
Summit County, Colorado,31011
Summit County, Ohio,541013
Summit County, Utah,42145
Sumner County, Kansas,22836
Sumner County, Tennessee,191283
Sumter County, Alabama,12427
Sumter County, Florida,132420
Sumter County, Georgia,29524
Sumter County, South Carolina,106721
Sunflower County, Mississippi,25110
Surry County, North Carolina,71783
Surry County, Virginia,6422
Susquehanna County, Pennsylvania,40328
Sussex County, Delaware,234225
Sussex County, New Jersey,140488
Sussex County, Virginia,11159
Sutter County, California,96971
Sutton County, Texas,3776
Suwannee County, Florida,44417
Swain County, North Carolina,14271
Sweet Grass County, Montana,3737
Sweetwater County, Wyoming,42343
Swift County, Minnesota,9266
Swisher County, Texas,7397
Switzerland County, Indiana,10751
Talbot County, Georgia,6195
Talbot County, Maryland,37181
Taliaferro County, Georgia,1537
Talladega County, Alabama,79978
Tallahatchie County, Mississippi,13809
Tallapoosa County, Alabama,40367
Tama County, Iowa,16854
Taney County, Missouri,55928
Tangipahoa Parish, Louisiana,134758
Taos County, New Mexico,32723
Tarrant County, Texas,2,102515
Tate County, Mississippi,28321
Tattnall County, Georgia,25286
Taylor County, Florida,21569
Taylor County, Georgia,8020
Taylor County, Iowa,6121
Taylor County, Kentucky,25769
Taylor County, Texas,138034
Taylor County, West Virginia,16695
Taylor County, Wisconsin,20343
Tazewell County, Illinois,131803
Tazewell County, Virginia,40595
Tehama County, California,65084
Telfair County, Georgia,15860
Teller County, Colorado,25388
Tensas Parish, Louisiana,4334
Terrebonne Parish, Louisiana,110461
Terrell County, Georgia,8531
Terrell County, Texas,776
Terry County, Texas,12337
Teton County, Idaho,12142
Teton County, Montana,6147
Teton County, Wyoming,23464
Texas County, Missouri,25398
Texas County, Oklahoma,19983
Thayer County, Nebraska,5003
Thomas County, Georgia,44451
Thomas County, Kansas,7777
Thomas County, Nebraska,722
Throckmorton County, Texas,1501
Thurston County, Nebraska,7224
Thurston County, Washington,290536
Tift County, Georgia,40644
Tillamook County, Oregon,27036
Tillman County, Oklahoma,7250
Tioga County, New York,48203
Tioga County, Pennsylvania,40591
Tippah County, Mississippi,22015
Tippecanoe County, Indiana,195732
Tipton County, Indiana,15148
Tipton County, Tennessee,61599
Tishomingo County, Mississippi,19383
Titus County, Texas,32750
Todd County, Kentucky,12294
Todd County, Minnesota,24664
Todd County, South Dakota,10177
Tolland County, Connecticut,150721
Tom Green County, Texas,119200
Tompkins County, New York,102180
Tooele County, Utah,72259
Toole County, Montana,4736
Toombs County, Georgia,26830
Torrance County, New Mexico,15461
Towner County, North Dakota,2189
Towns County, Georgia,12037
Traill County, North Dakota,8036
Transylvania County, North Carolina,34385
Traverse County, Minnesota,3259
Travis County, Texas,1,273954
Treasure County, Montana,696
Trego County, Kansas,2803
Trempealeau County, Wisconsin,29649
Treutlen County, Georgia,6901
Trigg County, Kentucky,14651
Trimble County, Kentucky,8471
Trinity County, California,12285
Trinity County, Texas,14651
Tripp County, South Dakota,5441
Troup County, Georgia,69922
Trousdale County, Tennessee,11284
Trumbull County, Ohio,197974
Tucker County, West Virginia,6839
Tulare County, California,466195
Tulsa County, Oklahoma,651552
Tunica County, Mississippi,9632
Tuolumne County, California,54478
Turner County, Georgia,7985
Turner County, South Dakota,8384
Tuscaloosa County, Alabama,209355
Tuscarawas County, Ohio,91987
Tuscola County, Michigan,52245
Twiggs County, Georgia,8120
Twin Falls County, Idaho,86878
Tyler County, Texas,21672
Tyler County, West Virginia,8591
Tyrrell County, North Carolina,4016
Uinta County, Wyoming,20226
Uintah County, Utah,35734
Ulster County, New York,177573
Umatilla County, Oregon,77950
Unicoi County, Tennessee,17883
Union County, Arkansas,38682
Union County, Florida,15237
Union County, Georgia,24511
Union County, Illinois,16653
Union County, Indiana,7054
Union County, Iowa,12241
Union County, Kentucky,14381
Union County, Mississippi,28815
Union County, New Jersey,556341
Union County, New Mexico,4059
Union County, North Carolina,239859
Union County, Ohio,58988
Union County, Oregon,26835
Union County, Pennsylvania,44923
Union County, South Carolina,27316
Union County, South Dakota,15932
Union County, Tennessee,19972
Union Parish, Louisiana,22108
Upshur County, Texas,41753
Upshur County, West Virginia,24176
Upson County, Georgia,26320
Upton County, Texas,3657
Utah County, Utah,636235
Uvalde County, Texas,26741
Valdez-Cordova Census Area, Alaska,9202
Valencia County, New Mexico,76688
Valley County, Idaho,11392
Valley County, Montana,7396
Valley County, Nebraska,4158
Val Verde County, Texas,49025
Van Buren County, Arkansas,16545
Van Buren County, Iowa,7044
Van Buren County, Michigan,75677
Van Buren County, Tennessee,5872
Vance County, North Carolina,44535
Vanderburgh County, Indiana,181451
Van Wert County, Ohio,28275
Van Zandt County, Texas,56590
Venango County, Pennsylvania,50668
Ventura County, California,846006
Vermilion County, Illinois,75758
Vermilion Parish, Louisiana,59511
Vermillion County, Indiana,15498
Vernon County, Missouri,20563
Vernon County, Wisconsin,30822
Vernon Parish, Louisiana,47429
Victoria County, Texas,92084
Vigo County, Indiana,107038
Vilas County, Wisconsin,22195
Vinton County, Ohio,13085
Virginia Beach city, Virginia,449974
Volusia County, Florida,553284
Wabasha County, Minnesota,21627
Wabash County, Illinois,11520
Wabash County, Indiana,30996
Wabaunsee County, Kansas,6931
Wadena County, Minnesota,13682
Wagoner County, Oklahoma,81289
Wahkiakum County, Washington,4488
Wake County, North Carolina,1,111761
Wakulla County, Florida,33739
Waldo County, Maine,39715
Walker County, Alabama,63521
Walker County, Georgia,69761
Walker County, Texas,72971
Wallace County, Kansas,1518
Walla Walla County, Washington,60760
Waller County, Texas,55246
Wallowa County, Oregon,7208
Walsh County, North Dakota,10641
Walthall County, Mississippi,14286
Walton County, Florida,74071
Walton County, Georgia,94593
Walworth County, South Dakota,5435
Walworth County, Wisconsin,103868
Wapello County, Iowa,34969
Ward County, North Dakota,67641
Ward County, Texas,11998
Ware County, Georgia,35734
Warren County, Georgia,5254
Warren County, Illinois,16844
Warren County, Indiana,8265
Warren County, Iowa,51466
Warren County, Kentucky,132896
Warren County, Mississippi,45381
Warren County, Missouri,35649
Warren County, New Jersey,105267
Warren County, New York,63944
Warren County, North Carolina,19731
Warren County, Ohio,234602
Warren County, Pennsylvania,39191
Warren County, Tennessee,41277
Warren County, Virginia,40164
Warrick County, Indiana,62998
Wasatch County, Utah,34091
Wasco County, Oregon,26682
Waseca County, Minnesota,18612
Washakie County, Wyoming,7805
Washburn County, Wisconsin,15720
Washington County, Alabama,16326
Washington County, Arkansas,239187
Washington County, Colorado,4908
Washington County, Florida,25473
Washington County, Georgia,20374
Washington County, Idaho,10194
Washington County, Illinois,13887
Washington County, Indiana,28036
Washington County, Iowa,21965
Washington County, Kansas,5406
Washington County, Kentucky,12095
Washington County, Maine,31379
Washington County, Maryland,151049
Washington County, Minnesota,262440
Washington County, Mississippi,43909
Washington County, Missouri,24730
Washington County, Nebraska,20729
Washington County, New York,61204
Washington County, North Carolina,11580
Washington County, Ohio,59911
Washington County, Oklahoma,51527
Washington County, Oregon,601592
Washington County, Pennsylvania,206865
Washington County, Rhode Island,125577
Washington County, Tennessee,129375
Washington County, Texas,35882
Washington County, Utah,177556
Washington County, Vermont,58409
Washington County, Virginia,53740
Washington County, Wisconsin,136034
Washington Parish, Louisiana,46194
Washita County, Oklahoma,10916
Washoe County, Nevada,471519
Washtenaw County, Michigan,367601
Watauga County, North Carolina,56177
Watonwan County, Minnesota,10897
Waukesha County, Wisconsin,404198
Waupaca County, Wisconsin,50990
Waushara County, Wisconsin,24443
Wayne County, Georgia,29927
Wayne County, Illinois,16215
Wayne County, Indiana,65884
Wayne County, Iowa,6441
Wayne County, Kentucky,20333
Wayne County, Michigan,1,749343
Wayne County, Mississippi,20183
Wayne County, Missouri,12873
Wayne County, Nebraska,9385
Wayne County, New York,89918
Wayne County, North Carolina,123131
Wayne County, Ohio,115710
Wayne County, Pennsylvania,51361
Wayne County, Tennessee,16673
Wayne County, Utah,2711
Wayne County, West Virginia,39402
Waynesboro city, Virginia,22630
Weakley County, Tennessee,33328
Webb County, Texas,276652
Weber County, Utah,260213
Webster County, Georgia,2607
Webster County, Iowa,35904
Webster County, Kentucky,12942
Webster County, Mississippi,9689
Webster County, Missouri,39592
Webster County, Nebraska,3487
Webster County, West Virginia,8114
Webster Parish, Louisiana,38340
Weld County, Colorado,324492
Wells County, Indiana,28296
Wells County, North Dakota,3834
West Baton Rouge Parish, Louisiana,26465
West Carroll Parish, Louisiana,10830
Westchester County, New York,967506
West Feliciana Parish, Louisiana,15568
Westmoreland County, Pennsylvania,348899
Westmoreland County, Virginia,18015
Weston County, Wyoming,6927
Wetzel County, West Virginia,15065
Wexford County, Michigan,33631
Wharton County, Texas,41556
Whatcom County, Washington,229247
Wheatland County, Montana,2126
Wheeler County, Georgia,7855
Wheeler County, Nebraska,783
Wheeler County, Oregon,1332
Wheeler County, Texas,5056
White County, Arkansas,78753
White County, Georgia,30798
White County, Illinois,13537
White County, Indiana,24102
White County, Tennessee,27345
White Pine County, Nevada,9580
Whiteside County, Illinois,55175
Whitfield County, Georgia,104628
Whitley County, Indiana,33964
Whitley County, Kentucky,36264
Whitman County, Washington,50104
Wibaux County, Montana,969
Wichita County, Kansas,2119
Wichita County, Texas,132230
Wicomico County, Maryland,103609
Wilbarger County, Texas,12769
Wilcox County, Alabama,10373
Wilcox County, Georgia,8635
Wilkes County, Georgia,9777
Wilkes County, North Carolina,68412
Wilkin County, Minnesota,6207
Wilkinson County, Georgia,8954
Wilkinson County, Mississippi,8630
Willacy County, Texas,21358
Will County, Illinois,690743
Williamsburg city, Virginia,14954
Williamsburg County, South Carolina,30368
Williams County, North Dakota,37589
Williams County, Ohio,36692
Williamson County, Illinois,66597
Williamson County, Tennessee,238412
Williamson County, Texas,590551
Wilson County, Kansas,8525
Wilson County, North Carolina,81801
Wilson County, Tennessee,144657
Wilson County, Texas,51070
Winchester city, Virginia,28078
Windham County, Connecticut,116782
Windham County, Vermont,42222
Windsor County, Vermont,55062
Winkler County, Texas,8010
Winnebago County, Illinois,282572
Winnebago County, Iowa,10354
Winnebago County, Wisconsin,171907
Winneshiek County, Iowa,19991
Winn Parish, Louisiana,13904
Winona County, Minnesota,50484
Winston County, Alabama,23629
Winston County, Mississippi,17955
Wirt County, West Virginia,5821
Wise County, Texas,69984
Wise County, Virginia,37383
Wolfe County, Kentucky,7157
Woodbury County, Iowa,103107
Wood County, Ohio,130817
Wood County, Texas,45539
Wood County, West Virginia,83518
Wood County, Wisconsin,72999
Woodford County, Illinois,38459
Woodford County, Kentucky,26734
Woodruff County, Arkansas,6320
Woods County, Oklahoma,8793
Woodson County, Kansas,3138
Woodward County, Oklahoma,20211
Worcester County, Maryland,52276
Worcester County, Massachusetts,830622
Worth County, Georgia,20247
Worth County, Iowa,7381
Worth County, Missouri,2013
Wrangell City and Borough, Alaska,2502
Wright County, Iowa,12562
Wright County, Minnesota,138377
Wright County, Missouri,18289
Wyandot County, Ohio,21772
Wyandotte County, Kansas,165429
Wyoming County, New York,39859
Wyoming County, Pennsylvania,26794
Wyoming County, West Virginia,20394
Wythe County, Virginia,28684
Yadkin County, North Carolina,37667
Yakima County, Washington,250873
Yakutat City and Borough, Alaska,579
Yalobusha County, Mississippi,12108
Yamhill County, Oregon,107100
Yancey County, North Carolina,18069
Yankton County, South Dakota,22814
Yates County, New York,24913
Yavapai County, Arizona,235099
Yazoo County, Mississippi,29690
Yell County, Arkansas,21341
Yellow Medicine County, Minnesota,9709
Yellowstone County, Montana,161300
Yoakum County, Texas,8713
Yolo County, California,220500
York County, Maine,207641
York County, Nebraska,13679
York County, Pennsylvania,449058
York County, South Carolina,280979
York County, Virginia,68280
Young County, Texas,18010
Yuba County, California,78668
Yukon-Koyukuk Census Area, Alaska,5230
Yuma County, Arizona,213787
Yuma County, Colorado,10019
Zapata County, Texas,14179
Zavala County, Texas,11840
Ziebach County, South Dakota,2756
